Order_ID,Order_Date,Customer_ID,Customer_Name,State,City,Category,Sub_Category,Product,Unit_Price,Quantity,Discount,Sales,Profit
ORD00001,2025-01-07,CUST0100,Customer 152,Maharashtra,Mumbai,Technology,Printers,Printers Model 1,7000,7,0.1,44100.0,5408.18
ORD00002,2024-10-03,CUST0161,Customer 22,Rajasthan,Jaipur,Office Supplies,Storage,Storage Model 2,1500,2,0.05,2850.0,482.45
ORD00003,2025-07-16,CUST0055,Customer 244,Uttar Pradesh,Lucknow,Technology,Accessories,Accessories Model 3,1000,4,0.25,3000.0,108.67
ORD00004,2025-08-23,CUST0014,Customer 242,Gujarat,Vadodara,Office Supplies,Pens,Pens Model 1,50,7,0.0,350.0,75.57
ORD00005,2024-02-04,CUST0206,Customer 81,Delhi,New Delhi,Technology,Mobiles,Mobiles Model 4,35000,7,0.15,208250.0,26188.63
ORD00006,2025-04-21,CUST0191,Customer 218,Maharashtra,Nashik,Office Supplies,Binders,Binders Model 2,300,2,0.1,540.0,94.14
ORD00007,2024-12-03,CUST0053,Customer 280,Delhi,New Delhi,Furniture,Office Furniture,Office Furniture Model 2,20000,7,0.0,140000.0,17468.2
ORD00008,2025-06-04,CUST0129,Customer 136,Maharashtra,Nashik,Furniture,Chairs,Chairs Model 1,2500,7,0.05,16625.0,1378.51
ORD00009,2024-01-28,CUST0135,Customer 201,Uttar Pradesh,Kanpur,Technology,Printers,Printers Model 3,16000,1,0.15,13600.0,1397.94
ORD00010,2025-12-26,CUST0035,Customer 227,Rajasthan,Jodhpur,Technology,Accessories,Accessories Model 3,1000,5,0.15,4250.0,477.81
ORD00011,2025-07-07,CUST0179,Customer 63,Uttar Pradesh,Kanpur,Office Supplies,Binders,Binders Model 3,550,6,0.1,2970.0,295.53
ORD00012,2025-10-16,CUST0171,Customer 29,Karnataka,Bengaluru,Technology,Printers,Printers Model 4,11000,5,0.05,52250.0,9041.74
ORD00013,2024-01-28,CUST0108,Customer 44,Maharashtra,Nashik,Furniture,Bookcases,Bookcases Model 2,14000,2,0.15,23800.0,1243.36
ORD00014,2024-07-08,CUST0225,Customer 283,Delhi,New Delhi,Office Supplies,Storage,Storage Model 2,3000,4,0.1,10800.0,1696.64
ORD00015,2024-08-21,CUST0172,Customer 152,Delhi,New Delhi,Office Supplies,Paper,Paper Model 3,500,6,0.1,2700.0,349.96
ORD00016,2025-03-17,CUST0052,Customer 268,Tamil Nadu,Coimbatore,Technology,Printers,Printers Model 1,22000,1,0.0,22000.0,3728.65
ORD00017,2024-08-12,CUST0126,Customer 130,Maharashtra,Pune,Office Supplies,Paper,Paper Model 1,800,1,0.05,760.0,145.08
ORD00018,2024-05-02,CUST0255,Customer 294,Gujarat,Surat,Office Supplies,Storage,Storage Model 3,5000,7,0.15,29750.0,4347.15
ORD00019,2025-10-21,CUST0252,Customer 147,Maharashtra,Nashik,Office Supplies,Binders,Binders Model 3,550,1,0.05,522.5,125.84
ORD00020,2025-10-02,CUST0267,Customer 151,Maharashtra,Nagpur,Technology,Laptops,Laptops Model 4,85000,7,0.25,446250.0,19868.96
ORD00021,2024-06-08,CUST0009,Customer 233,Gujarat,Surat,Technology,Printers,Printers Model 4,11000,1,0.1,9900.0,1253.05
ORD00022,2025-08-09,CUST0113,Customer 104,Maharashtra,Nashik,Office Supplies,Storage,Storage Model 4,1500,1,0.15,1275.0,191.3
ORD00023,2024-06-11,CUST0208,Customer 169,Gujarat,Vadodara,Furniture,Chairs,Chairs Model 3,2500,5,0.05,11875.0,1412.24
ORD00024,2025-10-01,CUST0033,Customer 176,Uttar Pradesh,Prayagraj,Technology,Laptops,Laptops Model 4,85000,7,0.15,505750.0,24850.4
ORD00025,2024-01-27,CUST0226,Customer 277,Uttar Pradesh,Kanpur,Furniture,Tables,Tables Model 2,8000,6,0.25,36000.0,1269.46
ORD00026,2024-07-10,CUST0049,Customer 17,Gujarat,Vadodara,Furniture,Chairs,Chairs Model 4,2500,3,0.1,6750.0,636.23
ORD00027,2024-06-29,CUST0095,Customer 99,Tamil Nadu,Coimbatore,Office Supplies,Paper,Paper Model 2,500,4,0.0,2000.0,433.79
ORD00028,2024-05-07,CUST0018,Customer 281,Tamil Nadu,Coimbatore,Technology,Laptops,Laptops Model 4,70000,1,0.05,66500.0,11372.07
ORD00029,2024-04-13,CUST0299,Customer 246,Delhi,New Delhi,Office Supplies,Pens,Pens Model 4,100,2,0.15,170.0,27.87
ORD00030,2025-05-20,CUST0036,Customer 173,Maharashtra,Mumbai,Technology,Mobiles,Mobiles Model 3,18000,1,0.15,15300.0,1511.4
ORD00031,2025-11-28,CUST0063,Customer 190,Uttar Pradesh,Prayagraj,Office Supplies,Pens,Pens Model 4,100,2,0.1,180.0,24.3
ORD00032,2025-03-19,CUST0101,Customer 264,Maharashtra,Pune,Office Supplies,Paper,Paper Model 4,350,6,0.05,1995.0,443.96
ORD00033,2025-10-17,CUST0269,Customer 124,West Bengal,Durgapur,Office Supplies,Pens,Pens Model 4,100,5,0.05,475.0,111.19
ORD00034,2025-04-18,CUST0117,Customer 279,Rajasthan,Udaipur,Office Supplies,Pens,Pens Model 3,350,2,0.0,700.0,141.06
ORD00035,2025-08-23,CUST0237,Customer 272,Delhi,New Delhi,Office Supplies,Paper,Paper Model 2,350,1,0.1,315.0,49.46
ORD00036,2025-03-10,CUST0086,Customer 185,Gujarat,Vadodara,Furniture,Chairs,Chairs Model 3,7000,4,0.1,25200.0,2265.09
ORD00037,2025-03-07,CUST0039,Customer 100,Maharashtra,Nashik,Technology,Laptops,Laptops Model 2,55000,6,0.15,280500.0,20848.65
ORD00038,2024-08-10,CUST0250,Customer 147,Uttar Pradesh,Agra,Furniture,Tables,Tables Model 2,5000,4,0.0,20000.0,2970.24
ORD00039,2025-10-25,CUST0178,Customer 163,Gujarat,Ahmedabad,Furniture,Chairs,Chairs Model 4,10000,7,0.25,52500.0,1107.84
ORD00040,2024-06-16,CUST0043,Customer 44,Rajasthan,Jaipur,Office Supplies,Pens,Pens Model 1,350,3,0.2,840.0,111.85
ORD00041,2025-08-24,CUST0115,Customer 105,Maharashtra,Nashik,Technology,Mobiles,Mobiles Model 1,25000,2,0.15,42500.0,3922.62
ORD00042,2025-12-29,CUST0277,Customer 249,Delhi,New Delhi,Office Supplies,Binders,Binders Model 1,550,5,0.0,2750.0,571.11
ORD00043,2025-10-25,CUST0151,Customer 190,Gujarat,Ahmedabad,Office Supplies,Storage,Storage Model 3,800,3,0.1,2160.0,425.39
ORD00044,2024-03-02,CUST0084,Customer 217,Gujarat,Ahmedabad,Office Supplies,Pens,Pens Model 1,200,1,0.1,180.0,27.04
ORD00045,2025-01-18,CUST0052,Customer 144,Maharashtra,Nagpur,Technology,Printers,Printers Model 4,7000,1,0.2,5600.0,446.89
ORD00046,2024-05-30,CUST0144,Customer 57,Delhi,New Delhi,Technology,Laptops,Laptops Model 4,70000,5,0.15,297500.0,28080.09
ORD00047,2025-10-19,CUST0239,Customer 76,Uttar Pradesh,Agra,Furniture,Bookcases,Bookcases Model 2,9500,2,0.1,17100.0,1492.36
ORD00048,2024-06-18,CUST0283,Customer 122,Rajasthan,Jodhpur,Furniture,Chairs,Chairs Model 2,7000,6,0.15,35700.0,3127.15
ORD00049,2025-03-20,CUST0182,Customer 167,Uttar Pradesh,Agra,Technology,Accessories,Accessories Model 4,3000,5,0.1,13500.0,1445.03
ORD00050,2024-08-07,CUST0126,Customer 58,Delhi,New Delhi,Office Supplies,Pens,Pens Model 2,200,5,0.0,1000.0,214.66
ORD00051,2025-01-03,CUST0117,Customer 134,West Bengal,Durgapur,Technology,Laptops,Laptops Model 3,45000,3,0.1,121500.0,14857.14
ORD00052,2024-08-16,CUST0164,Customer 227,West Bengal,Kolkata,Office Supplies,Paper,Paper Model 3,200,6,0.25,900.0,83.29
ORD00053,2025-10-17,CUST0012,Customer 224,Rajasthan,Jaipur,Furniture,Chairs,Chairs Model 1,4500,7,0.1,28350.0,3544.04
ORD00054,2025-10-09,CUST0186,Customer 178,Uttar Pradesh,Prayagraj,Technology,Laptops,Laptops Model 4,55000,4,0.15,187000.0,26722.71
ORD00055,2025-07-11,CUST0035,Customer 253,Maharashtra,Mumbai,Office Supplies,Storage,Storage Model 3,1500,7,0.1,9450.0,1783.79
ORD00056,2024-08-29,CUST0251,Customer 5,Tamil Nadu,Chennai,Office Supplies,Pens,Pens Model 1,100,2,0.25,150.0,10.21
ORD00057,2025-11-19,CUST0098,Customer 105,Uttar Pradesh,Lucknow,Office Supplies,Binders,Binders Model 4,550,1,0.1,495.0,74.05
ORD00058,2025-10-06,CUST0259,Customer 23,Delhi,New Delhi,Technology,Printers,Printers Model 3,11000,4,0.2,35200.0,3727.84
ORD00059,2025-03-21,CUST0288,Customer 34,West Bengal,Kolkata,Office Supplies,Pens,Pens Model 1,50,6,0.05,285.0,48.82
ORD00060,2024-11-01,CUST0268,Customer 54,Maharashtra,Nashik,Technology,Mobiles,Mobiles Model 2,18000,6,0.2,86400.0,4025.71
ORD00061,2025-07-31,CUST0075,Customer 103,Tamil Nadu,Coimbatore,Office Supplies,Paper,Paper Model 1,800,7,0.0,5600.0,1322.35
ORD00062,2025-03-10,CUST0249,Customer 166,Uttar Pradesh,Prayagraj,Office Supplies,Binders,Binders Model 2,300,6,0.1,1620.0,322.73
ORD00063,2025-02-04,CUST0273,Customer 69,Delhi,New Delhi,Office Supplies,Binders,Binders Model 3,300,3,0.15,765.0,101.46
ORD00064,2025-10-24,CUST0183,Customer 95,Tamil Nadu,Chennai,Technology,Mobiles,Mobiles Model 3,25000,3,0.0,75000.0,16161.89
ORD00065,2024-03-01,CUST0122,Customer 51,Delhi,New Delhi,Office Supplies,Storage,Storage Model 4,5000,1,0.2,4000.0,645.51
ORD00066,2025-10-06,CUST0233,Customer 12,Uttar Pradesh,Agra,Technology,Mobiles,Mobiles Model 1,18000,5,0.1,81000.0,9478.3
ORD00067,2024-02-25,CUST0107,Customer 48,Maharashtra,Pune,Technology,Mobiles,Mobiles Model 1,25000,1,0.0,25000.0,5727.66
ORD00068,2024-10-29,CUST0127,Customer 56,Uttar Pradesh,Varanasi,Office Supplies,Storage,Storage Model 1,3000,5,0.25,11250.0,872.66
ORD00069,2024-12-28,CUST0239,Customer 274,Delhi,New Delhi,Furniture,Bookcases,Bookcases Model 2,14000,2,0.15,23800.0,1949.55
ORD00070,2025-12-14,CUST0039,Customer 273,Delhi,New Delhi,Furniture,Bookcases,Bookcases Model 4,4000,7,0.1,25200.0,2590.09
ORD00071,2024-05-25,CUST0111,Customer 228,Maharashtra,Pune,Furniture,Chairs,Chairs Model 1,2500,4,0.1,9000.0,1157.2
ORD00072,2025-09-04,CUST0006,Customer 180,Gujarat,Surat,Furniture,Office Furniture,Office Furniture Model 1,30000,3,0.1,81000.0,5046.99
ORD00073,2024-12-15,CUST0095,Customer 152,Rajasthan,Jodhpur,Technology,Accessories,Accessories Model 1,1000,5,0.25,3750.0,140.04
ORD00074,2024-01-06,CUST0220,Customer 75,Karnataka,Bengaluru,Technology,Accessories,Accessories Model 4,500,4,0.25,1500.0,-21.67
ORD00075,2024-01-26,CUST0173,Customer 300,Karnataka,Mysuru,Office Supplies,Binders,Binders Model 4,300,3,0.2,720.0,84.35
ORD00076,2025-07-12,CUST0001,Customer 90,Maharashtra,Pune,Technology,Accessories,Accessories Model 4,500,4,0.05,1900.0,374.45
ORD00077,2024-01-10,CUST0261,Customer 138,West Bengal,Durgapur,Furniture,Bookcases,Bookcases Model 3,14000,5,0.1,63000.0,5751.03
ORD00078,2025-07-03,CUST0094,Customer 95,Tamil Nadu,Chennai,Office Supplies,Storage,Storage Model 1,3000,5,0.0,15000.0,3147.2
ORD00079,2024-12-14,CUST0267,Customer 229,Tamil Nadu,Coimbatore,Office Supplies,Binders,Binders Model 2,150,3,0.25,337.5,31.96
ORD00080,2025-07-27,CUST0132,Customer 89,Maharashtra,Pune,Office Supplies,Paper,Paper Model 1,500,3,0.15,1275.0,225.68
ORD00081,2025-07-28,CUST0143,Customer 153,Karnataka,Bengaluru,Office Supplies,Storage,Storage Model 3,5000,6,0.2,24000.0,3064.75
ORD00082,2024-07-16,CUST0134,Customer 67,Maharashtra,Nagpur,Furniture,Tables,Tables Model 1,18000,3,0.1,48600.0,7300.27
ORD00083,2025-07-03,CUST0097,Customer 289,Rajasthan,Jodhpur,Technology,Accessories,Accessories Model 3,500,1,0.1,450.0,58.3
ORD00084,2024-06-07,CUST0228,Customer 216,Uttar Pradesh,Varanasi,Office Supplies,Pens,Pens Model 2,50,6,0.2,240.0,27.89
ORD00085,2024-10-18,CUST0282,Customer 299,Gujarat,Vadodara,Office Supplies,Paper,Paper Model 1,500,4,0.15,1700.0,270.71
ORD00086,2024-10-28,CUST0218,Customer 141,Gujarat,Vadodara,Office Supplies,Storage,Storage Model 2,1500,7,0.1,9450.0,1879.52
ORD00087,2024-05-06,CUST0106,Customer 92,Uttar Pradesh,Varanasi,Furniture,Bookcases,Bookcases Model 4,14000,3,0.25,31500.0,1797.2
ORD00088,2025-02-10,CUST0257,Customer 101,Maharashtra,Mumbai,Furniture,Chairs,Chairs Model 2,10000,1,0.25,7500.0,204.43
ORD00089,2025-03-06,CUST0137,Customer 202,Tamil Nadu,Coimbatore,Technology,Accessories,Accessories Model 1,500,7,0.05,3325.0,551.76
ORD00090,2025-01-20,CUST0210,Customer 17,West Bengal,Kolkata,Furniture,Bookcases,Bookcases Model 3,14000,1,0.2,11200.0,67.56
ORD00091,2024-06-25,CUST0285,Customer 63,Gujarat,Vadodara,Furniture,Bookcases,Bookcases Model 2,14000,1,0.1,12600.0,1450.4
ORD00092,2025-11-19,CUST0148,Customer 118,Maharashtra,Pune,Technology,Laptops,Laptops Model 1,70000,1,0.25,52500.0,2024.91
ORD00093,2024-11-13,CUST0032,Customer 158,Karnataka,Bengaluru,Office Supplies,Paper,Paper Model 3,200,5,0.1,900.0,178.87
ORD00094,2025-01-05,CUST0175,Customer 194,Uttar Pradesh,Agra,Furniture,Office Furniture,Office Furniture Model 4,20000,2,0.05,38000.0,4341.86
ORD00095,2024-06-10,CUST0087,Customer 55,Gujarat,Ahmedabad,Furniture,Tables,Tables Model 3,12000,4,0.05,45600.0,3981.44
ORD00096,2025-03-18,CUST0255,Customer 54,Uttar Pradesh,Varanasi,Office Supplies,Storage,Storage Model 1,800,7,0.05,5320.0,920.65
ORD00097,2025-05-05,CUST0165,Customer 182,Maharashtra,Mumbai,Technology,Laptops,Laptops Model 4,70000,2,0.2,112000.0,7876.4
ORD00098,2024-03-25,CUST0147,Customer 112,Maharashtra,Nagpur,Technology,Mobiles,Mobiles Model 3,18000,7,0.15,107100.0,10607.1
ORD00099,2025-12-07,CUST0119,Customer 20,Uttar Pradesh,Prayagraj,Furniture,Tables,Tables Model 2,5000,7,0.15,29750.0,2755.67
ORD00100,2025-05-20,CUST0280,Customer 81,Rajasthan,Jodhpur,Office Supplies,Paper,Paper Model 2,200,4,0.05,760.0,136.66
ORD00101,2024-08-24,CUST0281,Customer 201,Karnataka,Mysuru,Office Supplies,Pens,Pens Model 4,350,1,0.1,315.0,65.37
ORD00102,2024-03-15,CUST0146,Customer 128,Uttar Pradesh,Kanpur,Furniture,Tables,Tables Model 2,5000,5,0.15,21250.0,1480.97
ORD00103,2024-12-07,CUST0027,Customer 287,Uttar Pradesh,Prayagraj,Furniture,Tables,Tables Model 1,5000,1,0.1,4500.0,364.35
ORD00104,2025-02-04,CUST0190,Customer 122,Karnataka,Mysuru,Technology,Laptops,Laptops Model 1,45000,7,0.1,283500.0,37664.42
ORD00105,2025-11-06,CUST0113,Customer 187,Delhi,New Delhi,Furniture,Tables,Tables Model 3,5000,3,0.0,15000.0,2165.62
ORD00106,2024-11-07,CUST0289,Customer 250,Maharashtra,Nagpur,Office Supplies,Pens,Pens Model 3,350,6,0.0,2100.0,525.4
ORD00107,2025-03-25,CUST0073,Customer 201,Uttar Pradesh,Prayagraj,Technology,Printers,Printers Model 3,7000,6,0.25,31500.0,1633.74
ORD00108,2024-05-10,CUST0229,Customer 108,Maharashtra,Mumbai,Furniture,Bookcases,Bookcases Model 4,6500,1,0.05,6175.0,594.52
ORD00109,2024-01-12,CUST0080,Customer 216,Rajasthan,Jodhpur,Technology,Printers,Printers Model 3,7000,4,0.2,22400.0,1689.8
ORD00110,2025-04-10,CUST0089,Customer 268,West Bengal,Kolkata,Office Supplies,Pens,Pens Model 1,100,6,0.25,450.0,59.02
ORD00111,2024-11-30,CUST0117,Customer 7,Maharashtra,Pune,Technology,Mobiles,Mobiles Model 3,35000,2,0.1,63000.0,4799.83
ORD00112,2025-01-06,CUST0103,Customer 273,Maharashtra,Nashik,Technology,Accessories,Accessories Model 3,500,2,0.15,850.0,76.94
ORD00113,2024-02-08,CUST0015,Customer 4,Rajasthan,Udaipur,Furniture,Chairs,Chairs Model 2,7000,5,0.1,31500.0,1354.49
ORD00114,2025-03-25,CUST0227,Customer 170,West Bengal,Kolkata,Office Supplies,Paper,Paper Model 4,200,2,0.2,320.0,24.93
ORD00115,2024-08-26,CUST0266,Customer 65,Tamil Nadu,Chennai,Office Supplies,Paper,Paper Model 2,800,3,0.0,2400.0,683.86
ORD00116,2024-10-19,CUST0153,Customer 193,Maharashtra,Nagpur,Furniture,Office Furniture,Office Furniture Model 2,13000,4,0.15,44200.0,2264.84
ORD00117,2025-03-15,CUST0011,Customer 62,Karnataka,Bengaluru,Furniture,Chairs,Chairs Model 1,10000,4,0.05,38000.0,4497.56
ORD00118,2024-11-05,CUST0243,Customer 107,Gujarat,Ahmedabad,Office Supplies,Storage,Storage Model 3,5000,4,0.2,16000.0,1429.77
ORD00119,2025-06-04,CUST0099,Customer 20,Uttar Pradesh,Varanasi,Technology,Mobiles,Mobiles Model 3,35000,6,0.2,168000.0,6513.46
ORD00120,2024-01-03,CUST0160,Customer 227,Tamil Nadu,Chennai,Technology,Accessories,Accessories Model 2,1000,6,0.25,4500.0,255.54
ORD00121,2025-09-26,CUST0029,Customer 137,Maharashtra,Nashik,Office Supplies,Paper,Paper Model 1,800,6,0.2,3840.0,206.82
ORD00122,2024-08-13,CUST0124,Customer 38,Uttar Pradesh,Varanasi,Office Supplies,Paper,Paper Model 3,800,1,0.1,720.0,102.99
ORD00123,2024-11-18,CUST0056,Customer 40,Maharashtra,Mumbai,Technology,Mobiles,Mobiles Model 2,12000,4,0.0,48000.0,9728.99
ORD00124,2024-04-01,CUST0059,Customer 59,Rajasthan,Udaipur,Office Supplies,Paper,Paper Model 2,800,3,0.2,1920.0,212.92
ORD00125,2025-07-10,CUST0249,Customer 31,Uttar Pradesh,Agra,Office Supplies,Paper,Paper Model 1,350,4,0.15,1190.0,144.31
ORD00126,2024-09-14,CUST0206,Customer 77,Karnataka,Mysuru,Office Supplies,Paper,Paper Model 2,500,7,0.0,3500.0,812.05
ORD00127,2025-03-23,CUST0163,Customer 74,Gujarat,Vadodara,Technology,Laptops,Laptops Model 2,70000,1,0.1,63000.0,7429.1
ORD00128,2024-10-04,CUST0196,Customer 242,Delhi,New Delhi,Office Supplies,Storage,Storage Model 4,3000,6,0.15,15300.0,1766.37
ORD00129,2024-11-01,CUST0270,Customer 192,Tamil Nadu,Coimbatore,Office Supplies,Binders,Binders Model 1,300,6,0.05,1710.0,308.65
ORD00130,2025-10-07,CUST0079,Customer 58,Rajasthan,Udaipur,Technology,Laptops,Laptops Model 4,70000,5,0.0,350000.0,64118.27
ORD00131,2024-06-05,CUST0075,Customer 288,Uttar Pradesh,Varanasi,Technology,Laptops,Laptops Model 4,45000,3,0.1,121500.0,16524.04
ORD00132,2025-08-26,CUST0021,Customer 84,Uttar Pradesh,Prayagraj,Office Supplies,Pens,Pens Model 3,50,6,0.05,285.0,51.29
ORD00133,2025-06-07,CUST0274,Customer 271,Delhi,New Delhi,Technology,Accessories,Accessories Model 3,500,2,0.2,800.0,41.78
ORD00134,2025-06-03,CUST0079,Customer 27,Delhi,New Delhi,Furniture,Office Furniture,Office Furniture Model 2,8000,1,0.0,8000.0,1066.18
ORD00135,2025-06-04,CUST0166,Customer 214,Karnataka,Mysuru,Technology,Laptops,Laptops Model 4,85000,5,0.2,340000.0,37723.96
ORD00136,2024-09-30,CUST0095,Customer 166,Gujarat,Ahmedabad,Furniture,Office Furniture,Office Furniture Model 3,30000,5,0.0,150000.0,28128.9
ORD00137,2024-02-15,CUST0160,Customer 80,Maharashtra,Mumbai,Office Supplies,Storage,Storage Model 2,800,3,0.1,2160.0,342.18
ORD00138,2024-01-02,CUST0225,Customer 289,Delhi,New Delhi,Technology,Laptops,Laptops Model 2,85000,2,0.05,161500.0,23000.47
ORD00139,2024-05-22,CUST0106,Customer 123,Karnataka,Mysuru,Technology,Printers,Printers Model 2,11000,7,0.0,77000.0,17320.55
ORD00140,2025-11-20,CUST0084,Customer 111,Uttar Pradesh,Lucknow,Technology,Printers,Printers Model 1,11000,4,0.2,35200.0,3027.94
ORD00141,2025-11-30,CUST0014,Customer 12,West Bengal,Kolkata,Office Supplies,Storage,Storage Model 4,1500,2,0.15,2550.0,313.67
ORD00142,2025-11-15,CUST0221,Customer 119,Maharashtra,Mumbai,Furniture,Bookcases,Bookcases Model 2,9500,7,0.1,59850.0,5649.68
ORD00143,2024-02-28,CUST0131,Customer 202,Delhi,New Delhi,Technology,Printers,Printers Model 2,11000,2,0.15,18700.0,2059.8
ORD00144,2025-12-25,CUST0159,Customer 24,Delhi,New Delhi,Technology,Mobiles,Mobiles Model 3,25000,1,0.2,20000.0,401.29
ORD00145,2025-02-23,CUST0250,Customer 117,Delhi,New Delhi,Technology,Printers,Printers Model 2,22000,4,0.0,88000.0,16333.79
ORD00146,2025-01-05,CUST0186,Customer 246,Delhi,New Delhi,Furniture,Bookcases,Bookcases Model 2,14000,6,0.15,71400.0,6688.57
ORD00147,2025-08-21,CUST0298,Customer 14,Maharashtra,Nagpur,Furniture,Office Furniture,Office Furniture Model 1,20000,1,0.0,20000.0,3247.02
ORD00148,2025-01-15,CUST0111,Customer 14,Tamil Nadu,Chennai,Furniture,Tables,Tables Model 1,5000,6,0.0,30000.0,4695.51
ORD00149,2024-09-17,CUST0164,Customer 287,Gujarat,Ahmedabad,Office Supplies,Pens,Pens Model 2,50,3,0.05,142.5,31.16
ORD00150,2024-12-26,CUST0257,Customer 133,Maharashtra,Nagpur,Furniture,Office Furniture,Office Furniture Model 2,8000,2,0.15,13600.0,817.61
ORD00151,2024-07-22,CUST0165,Customer 120,Maharashtra,Nagpur,Office Supplies,Paper,Paper Model 4,350,4,0.1,1260.0,156.34
ORD00152,2024-11-29,CUST0130,Customer 293,West Bengal,Durgapur,Office Supplies,Binders,Binders Model 4,550,5,0.0,2750.0,687.89
ORD00153,2024-01-12,CUST0276,Customer 181,Tamil Nadu,Chennai,Furniture,Bookcases,Bookcases Model 2,4000,5,0.0,20000.0,3095.47
ORD00154,2024-02-08,CUST0223,Customer 184,Delhi,New Delhi,Office Supplies,Binders,Binders Model 2,150,2,0.25,225.0,13.53
ORD00155,2025-01-09,CUST0008,Customer 129,Gujarat,Surat,Technology,Mobiles,Mobiles Model 4,25000,6,0.05,142500.0,18387.96
ORD00156,2024-11-06,CUST0119,Customer 218,West Bengal,Kolkata,Furniture,Chairs,Chairs Model 3,4500,7,0.15,26775.0,2238.57
ORD00157,2024-05-26,CUST0287,Customer 142,Maharashtra,Pune,Furniture,Chairs,Chairs Model 2,10000,7,0.1,63000.0,7726.2
ORD00158,2025-07-28,CUST0073,Customer 161,Delhi,New Delhi,Office Supplies,Binders,Binders Model 2,900,2,0.25,1350.0,151.44
ORD00159,2025-05-08,CUST0132,Customer 102,Delhi,New Delhi,Office Supplies,Paper,Paper Model 1,200,7,0.15,1190.0,156.36
ORD00160,2025-10-02,CUST0089,Customer 213,Delhi,New Delhi,Office Supplies,Paper,Paper Model 1,500,3,0.2,1200.0,160.92
ORD00161,2024-10-17,CUST0102,Customer 267,Maharashtra,Nashik,Furniture,Bookcases,Bookcases Model 1,9500,4,0.1,34200.0,4158.35
ORD00162,2024-11-23,CUST0117,Customer 221,Gujarat,Surat,Furniture,Tables,Tables Model 2,5000,3,0.1,13500.0,2040.57
ORD00163,2025-05-12,CUST0021,Customer 107,Maharashtra,Nashik,Technology,Printers,Printers Model 1,16000,4,0.1,57600.0,8672.31
ORD00164,2024-05-20,CUST0275,Customer 290,Uttar Pradesh,Agra,Office Supplies,Paper,Paper Model 4,500,3,0.0,1500.0,248.04
ORD00165,2025-02-23,CUST0158,Customer 146,Uttar Pradesh,Prayagraj,Technology,Printers,Printers Model 2,16000,5,0.2,64000.0,1420.63
ORD00166,2024-04-17,CUST0074,Customer 39,Delhi,New Delhi,Office Supplies,Binders,Binders Model 1,300,3,0.0,900.0,206.93
ORD00167,2025-01-19,CUST0172,Customer 173,Gujarat,Vadodara,Technology,Laptops,Laptops Model 2,45000,2,0.2,72000.0,3559.28
ORD00168,2024-01-26,CUST0009,Customer 271,Rajasthan,Udaipur,Technology,Mobiles,Mobiles Model 2,12000,6,0.1,64800.0,7856.45
ORD00169,2025-06-14,CUST0100,Customer 60,Gujarat,Surat,Furniture,Tables,Tables Model 4,18000,1,0.05,17100.0,1787.63
ORD00170,2025-11-17,CUST0049,Customer 108,Rajasthan,Jaipur,Technology,Printers,Printers Model 2,7000,7,0.1,44100.0,6499.15
ORD00171,2025-08-12,CUST0077,Customer 254,Karnataka,Bengaluru,Furniture,Tables,Tables Model 4,5000,7,0.05,33250.0,4537.58
ORD00172,2025-04-03,CUST0280,Customer 188,Uttar Pradesh,Kanpur,Furniture,Tables,Tables Model 3,8000,6,0.1,43200.0,2818.86
ORD00173,2024-03-10,CUST0196,Customer 269,West Bengal,Durgapur,Office Supplies,Binders,Binders Model 4,550,5,0.0,2750.0,565.01
ORD00174,2025-12-12,CUST0050,Customer 67,Gujarat,Surat,Office Supplies,Storage,Storage Model 3,5000,5,0.05,23750.0,3969.36
ORD00175,2025-10-23,CUST0300,Customer 36,Gujarat,Ahmedabad,Furniture,Tables,Tables Model 2,8000,7,0.1,50400.0,2329.59
ORD00176,2025-09-24,CUST0055,Customer 12,Tamil Nadu,Chennai,Office Supplies,Paper,Paper Model 3,800,2,0.0,1600.0,326.84
ORD00177,2024-11-16,CUST0121,Customer 286,Maharashtra,Nashik,Office Supplies,Pens,Pens Model 4,100,5,0.0,500.0,120.82
ORD00178,2025-04-04,CUST0038,Customer 226,Gujarat,Surat,Technology,Printers,Printers Model 3,22000,1,0.15,18700.0,2180.46
ORD00179,2024-06-28,CUST0190,Customer 154,Uttar Pradesh,Prayagraj,Technology,Mobiles,Mobiles Model 1,18000,1,0.0,18000.0,3279.23
ORD00180,2024-08-31,CUST0012,Customer 239,Gujarat,Vadodara,Technology,Mobiles,Mobiles Model 3,25000,6,0.1,135000.0,19264.8
ORD00181,2025-06-09,CUST0073,Customer 163,Delhi,New Delhi,Furniture,Chairs,Chairs Model 3,4500,2,0.2,7200.0,390.32
ORD00182,2024-09-09,CUST0289,Customer 164,Uttar Pradesh,Varanasi,Technology,Mobiles,Mobiles Model 4,18000,2,0.2,28800.0,2447.71
ORD00183,2024-04-26,CUST0025,Customer 79,Gujarat,Ahmedabad,Furniture,Tables,Tables Model 2,5000,4,0.1,18000.0,1230.7
ORD00184,2025-06-15,CUST0146,Customer 160,Tamil Nadu,Coimbatore,Office Supplies,Storage,Storage Model 4,5000,5,0.25,18750.0,1403.8
ORD00185,2025-01-16,CUST0267,Customer 178,Maharashtra,Pune,Furniture,Bookcases,Bookcases Model 3,9500,3,0.1,25650.0,2075.98
ORD00186,2025-05-08,CUST0263,Customer 80,Uttar Pradesh,Lucknow,Furniture,Chairs,Chairs Model 3,2500,1,0.15,2125.0,111.48
ORD00187,2024-05-03,CUST0231,Customer 178,Rajasthan,Jaipur,Furniture,Bookcases,Bookcases Model 4,4000,5,0.15,17000.0,1551.06
ORD00188,2025-06-09,CUST0229,Customer 86,Uttar Pradesh,Prayagraj,Furniture,Office Furniture,Office Furniture Model 1,20000,7,0.1,126000.0,7292.57
ORD00189,2025-02-26,CUST0065,Customer 13,Tamil Nadu,Chennai,Furniture,Bookcases,Bookcases Model 1,6500,6,0.05,37050.0,4032.67
ORD00190,2025-04-09,CUST0188,Customer 191,Uttar Pradesh,Varanasi,Furniture,Chairs,Chairs Model 2,2500,5,0.0,12500.0,1997.44
ORD00191,2024-08-14,CUST0233,Customer 221,Delhi,New Delhi,Technology,Laptops,Laptops Model 2,55000,4,0.2,176000.0,15542.32
ORD00192,2024-01-17,CUST0120,Customer 129,Delhi,New Delhi,Furniture,Chairs,Chairs Model 2,2500,1,0.25,1875.0,-34.61
ORD00193,2025-12-26,CUST0200,Customer 79,West Bengal,Durgapur,Technology,Mobiles,Mobiles Model 2,18000,4,0.15,61200.0,5938.93
ORD00194,2024-04-10,CUST0008,Customer 200,Karnataka,Bengaluru,Furniture,Bookcases,Bookcases Model 1,14000,4,0.1,50400.0,6440.85
ORD00195,2024-12-31,CUST0228,Customer 139,Uttar Pradesh,Kanpur,Office Supplies,Pens,Pens Model 4,200,1,0.25,150.0,9.37
ORD00196,2024-12-15,CUST0008,Customer 138,Tamil Nadu,Chennai,Office Supplies,Storage,Storage Model 3,3000,2,0.0,6000.0,1514.82
ORD00197,2025-09-08,CUST0169,Customer 217,Uttar Pradesh,Prayagraj,Office Supplies,Storage,Storage Model 4,5000,1,0.25,3750.0,228.62
ORD00198,2025-01-08,CUST0269,Customer 181,Gujarat,Surat,Office Supplies,Binders,Binders Model 1,900,4,0.1,3240.0,463.28
ORD00199,2024-05-03,CUST0114,Customer 278,Tamil Nadu,Coimbatore,Office Supplies,Storage,Storage Model 2,3000,2,0.05,5700.0,948.36
ORD00200,2024-05-01,CUST0032,Customer 222,Maharashtra,Nashik,Technology,Printers,Printers Model 3,11000,1,0.15,9350.0,451.99
ORD00201,2024-07-21,CUST0256,Customer 86,Karnataka,Bengaluru,Technology,Accessories,Accessories Model 2,500,5,0.05,2375.0,285.38
ORD00202,2025-04-07,CUST0283,Customer 50,West Bengal,Kolkata,Office Supplies,Paper,Paper Model 1,350,2,0.0,700.0,158.1
ORD00203,2025-09-21,CUST0019,Customer 23,Maharashtra,Nagpur,Technology,Printers,Printers Model 1,11000,3,0.15,28050.0,3197.71
ORD00204,2024-07-04,CUST0144,Customer 72,Rajasthan,Udaipur,Furniture,Chairs,Chairs Model 4,2500,7,0.05,16625.0,2633.09
ORD00205,2024-10-28,CUST0231,Customer 219,Maharashtra,Mumbai,Office Supplies,Storage,Storage Model 4,3000,2,0.15,5100.0,841.49
ORD00206,2024-11-09,CUST0054,Customer 12,Uttar Pradesh,Lucknow,Furniture,Chairs,Chairs Model 4,10000,6,0.2,48000.0,890.27
ORD00207,2024-07-29,CUST0101,Customer 186,West Bengal,Durgapur,Office Supplies,Paper,Paper Model 1,800,3,0.15,2040.0,275.09
ORD00208,2025-04-13,CUST0202,Customer 38,Maharashtra,Mumbai,Furniture,Tables,Tables Model 4,8000,3,0.0,24000.0,4333.2
ORD00209,2024-12-01,CUST0186,Customer 55,Uttar Pradesh,Prayagraj,Office Supplies,Storage,Storage Model 1,3000,7,0.1,18900.0,2851.89
ORD00210,2024-11-14,CUST0211,Customer 152,Rajasthan,Jodhpur,Furniture,Tables,Tables Model 2,12000,7,0.0,84000.0,12987.56
ORD00211,2024-07-01,CUST0146,Customer 116,Maharashtra,Pune,Office Supplies,Paper,Paper Model 3,800,3,0.1,2160.0,333.08
ORD00212,2025-02-04,CUST0198,Customer 260,Uttar Pradesh,Prayagraj,Office Supplies,Pens,Pens Model 1,350,6,0.15,1785.0,205.9
ORD00213,2024-05-17,CUST0050,Customer 259,Delhi,New Delhi,Technology,Accessories,Accessories Model 2,1800,6,0.15,9180.0,964.77
ORD00214,2025-07-16,CUST0245,Customer 35,Uttar Pradesh,Lucknow,Furniture,Tables,Tables Model 1,8000,1,0.25,6000.0,-131.5
ORD00215,2025-08-04,CUST0090,Customer 260,Delhi,New Delhi,Office Supplies,Paper,Paper Model 4,200,4,0.2,640.0,51.68
ORD00216,2025-11-16,CUST0188,Customer 57,Uttar Pradesh,Varanasi,Office Supplies,Storage,Storage Model 1,5000,6,0.0,30000.0,4445.8
ORD00217,2025-02-03,CUST0182,Customer 106,West Bengal,Durgapur,Furniture,Chairs,Chairs Model 2,10000,4,0.0,40000.0,6886.33
ORD00218,2024-09-06,CUST0021,Customer 196,Karnataka,Mysuru,Technology,Laptops,Laptops Model 4,85000,3,0.0,255000.0,41484.28
ORD00219,2025-03-01,CUST0154,Customer 142,Maharashtra,Nagpur,Technology,Accessories,Accessories Model 3,1000,3,0.25,2250.0,135.14
ORD00220,2024-10-31,CUST0161,Customer 178,West Bengal,Durgapur,Office Supplies,Paper,Paper Model 3,500,2,0.05,950.0,185.17
ORD00221,2025-08-20,CUST0177,Customer 17,West Bengal,Kolkata,Technology,Accessories,Accessories Model 2,1800,1,0.1,1620.0,190.53
ORD00222,2024-04-21,CUST0057,Customer 66,Gujarat,Surat,Furniture,Chairs,Chairs Model 2,2500,5,0.25,9375.0,152.89
ORD00223,2025-12-04,CUST0243,Customer 49,Uttar Pradesh,Kanpur,Office Supplies,Binders,Binders Model 4,900,7,0.1,5670.0,909.62
ORD00224,2025-10-16,CUST0232,Customer 213,Maharashtra,Nagpur,Office Supplies,Binders,Binders Model 3,900,6,0.15,4590.0,788.89
ORD00225,2024-04-06,CUST0042,Customer 227,Rajasthan,Jodhpur,Technology,Laptops,Laptops Model 4,55000,4,0.15,187000.0,22361.04
ORD00226,2025-05-18,CUST0268,Customer 74,Uttar Pradesh,Prayagraj,Furniture,Bookcases,Bookcases Model 2,9500,3,0.1,25650.0,2386.84
ORD00227,2025-03-29,CUST0268,Customer 263,Uttar Pradesh,Prayagraj,Office Supplies,Storage,Storage Model 1,800,7,0.15,4760.0,326.11
ORD00228,2024-05-08,CUST0008,Customer 101,Gujarat,Ahmedabad,Office Supplies,Binders,Binders Model 3,900,6,0.0,5400.0,1331.56
ORD00229,2024-01-16,CUST0129,Customer 63,West Bengal,Durgapur,Technology,Printers,Printers Model 2,11000,6,0.0,66000.0,12196.01
ORD00230,2025-05-20,CUST0223,Customer 59,Delhi,New Delhi,Technology,Mobiles,Mobiles Model 1,18000,4,0.25,54000.0,2620.67
ORD00231,2024-08-14,CUST0189,Customer 265,Uttar Pradesh,Kanpur,Office Supplies,Pens,Pens Model 1,350,1,0.2,280.0,27.13
ORD00232,2024-12-29,CUST0213,Customer 216,West Bengal,Durgapur,Technology,Printers,Printers Model 4,7000,3,0.2,16800.0,647.97
ORD00233,2025-11-05,CUST0180,Customer 34,Delhi,New Delhi,Office Supplies,Storage,Storage Model 2,1500,5,0.0,7500.0,1695.68
ORD00234,2025-09-11,CUST0139,Customer 271,Maharashtra,Nagpur,Technology,Accessories,Accessories Model 1,1800,6,0.15,9180.0,789.69
ORD00235,2025-10-01,CUST0191,Customer 67,Maharashtra,Mumbai,Technology,Printers,Printers Model 2,11000,3,0.15,28050.0,2452.93
ORD00236,2024-10-28,CUST0142,Customer 39,Rajasthan,Jaipur,Technology,Accessories,Accessories Model 3,500,3,0.15,1275.0,141.02
ORD00237,2025-07-11,CUST0038,Customer 142,West Bengal,Durgapur,Office Supplies,Binders,Binders Model 3,150,6,0.15,765.0,86.71
ORD00238,2024-10-07,CUST0270,Customer 154,Karnataka,Mysuru,Technology,Accessories,Accessories Model 2,1800,6,0.1,9720.0,1251.48
ORD00239,2025-05-22,CUST0275,Customer 120,Tamil Nadu,Coimbatore,Office Supplies,Pens,Pens Model 2,200,3,0.15,510.0,81.46
ORD00240,2024-03-29,CUST0142,Customer 203,Rajasthan,Jaipur,Technology,Laptops,Laptops Model 2,45000,1,0.1,40500.0,4529.16
ORD00241,2025-09-13,CUST0086,Customer 120,Uttar Pradesh,Lucknow,Technology,Mobiles,Mobiles Model 1,35000,3,0.2,84000.0,6779.46
ORD00242,2025-05-08,CUST0050,Customer 255,Uttar Pradesh,Agra,Office Supplies,Storage,Storage Model 2,5000,3,0.05,14250.0,3063.44
ORD00243,2025-12-28,CUST0065,Customer 8,Rajasthan,Jaipur,Furniture,Chairs,Chairs Model 1,2500,1,0.2,2000.0,128.76
ORD00244,2025-10-20,CUST0026,Customer 93,Gujarat,Vadodara,Technology,Mobiles,Mobiles Model 4,18000,7,0.0,126000.0,24258.45
ORD00245,2025-02-09,CUST0076,Customer 67,Uttar Pradesh,Agra,Furniture,Office Furniture,Office Furniture Model 1,8000,3,0.05,22800.0,2242.67
ORD00246,2024-09-18,CUST0214,Customer 153,Rajasthan,Jodhpur,Technology,Accessories,Accessories Model 3,500,1,0.05,475.0,72.8
ORD00247,2024-10-17,CUST0237,Customer 177,Uttar Pradesh,Agra,Furniture,Tables,Tables Model 3,18000,3,0.05,51300.0,4480.65
ORD00248,2025-08-24,CUST0295,Customer 245,Gujarat,Surat,Office Supplies,Paper,Paper Model 2,800,3,0.2,1920.0,207.21
ORD00249,2025-07-24,CUST0183,Customer 41,Gujarat,Surat,Furniture,Tables,Tables Model 2,5000,1,0.2,4000.0,244.97
ORD00250,2024-06-16,CUST0108,Customer 19,Uttar Pradesh,Kanpur,Technology,Accessories,Accessories Model 1,1800,6,0.05,10260.0,1417.09
ORD00251,2025-03-06,CUST0215,Customer 177,Delhi,New Delhi,Office Supplies,Paper,Paper Model 1,800,5,0.05,3800.0,685.61
ORD00252,2025-04-29,CUST0147,Customer 239,Gujarat,Surat,Technology,Printers,Printers Model 2,7000,7,0.15,41650.0,4213.72
ORD00253,2024-04-14,CUST0202,Customer 266,Delhi,New Delhi,Office Supplies,Paper,Paper Model 4,350,3,0.1,945.0,159.91
ORD00254,2025-10-28,CUST0117,Customer 2,Gujarat,Vadodara,Office Supplies,Paper,Paper Model 3,800,3,0.15,2040.0,303.04
ORD00255,2024-12-22,CUST0213,Customer 62,Gujarat,Vadodara,Furniture,Office Furniture,Office Furniture Model 2,8000,1,0.1,7200.0,660.86
ORD00256,2024-04-16,CUST0146,Customer 99,Gujarat,Vadodara,Furniture,Office Furniture,Office Furniture Model 1,13000,4,0.1,46800.0,2244.24
ORD00257,2024-02-10,CUST0063,Customer 23,Uttar Pradesh,Lucknow,Technology,Mobiles,Mobiles Model 2,35000,4,0.15,119000.0,12461.36
ORD00258,2025-11-09,CUST0290,Customer 156,Maharashtra,Nashik,Technology,Accessories,Accessories Model 1,1000,4,0.1,3600.0,473.43
ORD00259,2025-02-22,CUST0126,Customer 294,Delhi,New Delhi,Technology,Printers,Printers Model 1,7000,7,0.05,46550.0,7156.57
ORD00260,2025-01-22,CUST0113,Customer 67,Karnataka,Mysuru,Furniture,Office Furniture,Office Furniture Model 4,30000,6,0.1,162000.0,14736.56
ORD00261,2025-04-29,CUST0122,Customer 125,Tamil Nadu,Coimbatore,Technology,Mobiles,Mobiles Model 2,25000,3,0.05,71250.0,7652.64
ORD00262,2025-01-03,CUST0285,Customer 77,Maharashtra,Nashik,Technology,Accessories,Accessories Model 2,3000,2,0.2,4800.0,293.4
ORD00263,2025-11-04,CUST0042,Customer 109,Gujarat,Surat,Furniture,Chairs,Chairs Model 4,10000,6,0.1,54000.0,5377.46
ORD00264,2025-05-13,CUST0092,Customer 280,Uttar Pradesh,Lucknow,Furniture,Bookcases,Bookcases Model 4,4000,4,0.2,12800.0,134.31
ORD00265,2025-10-25,CUST0250,Customer 275,Tamil Nadu,Chennai,Furniture,Bookcases,Bookcases Model 4,9500,5,0.25,35625.0,705.25
ORD00266,2024-03-04,CUST0091,Customer 117,Maharashtra,Mumbai,Technology,Laptops,Laptops Model 1,45000,4,0.2,144000.0,13318.07
ORD00267,2024-01-20,CUST0046,Customer 12,Gujarat,Surat,Furniture,Office Furniture,Office Furniture Model 2,8000,6,0.15,40800.0,3028.51
ORD00268,2025-11-25,CUST0250,Customer 228,Tamil Nadu,Chennai,Furniture,Office Furniture,Office Furniture Model 4,30000,4,0.2,96000.0,3016.34
ORD00269,2025-12-31,CUST0082,Customer 92,Maharashtra,Mumbai,Furniture,Bookcases,Bookcases Model 3,9500,3,0.2,22800.0,1688.72
ORD00270,2024-04-25,CUST0225,Customer 147,Karnataka,Bengaluru,Furniture,Bookcases,Bookcases Model 1,9500,7,0.0,66500.0,8592.63
ORD00271,2024-12-14,CUST0214,Customer 171,Maharashtra,Nagpur,Furniture,Chairs,Chairs Model 3,4500,5,0.25,16875.0,203.04
ORD00272,2025-10-25,CUST0035,Customer 184,Karnataka,Mysuru,Technology,Mobiles,Mobiles Model 1,35000,4,0.2,112000.0,6752.15
ORD00273,2024-01-01,CUST0037,Customer 141,Gujarat,Surat,Technology,Accessories,Accessories Model 2,3000,2,0.2,4800.0,423.01
ORD00274,2025-12-03,CUST0104,Customer 23,West Bengal,Kolkata,Office Supplies,Paper,Paper Model 3,200,4,0.15,680.0,102.28
ORD00275,2024-07-06,CUST0173,Customer 290,Delhi,New Delhi,Technology,Printers,Printers Model 4,11000,7,0.0,77000.0,12334.59
ORD00276,2025-01-14,CUST0144,Customer 188,Uttar Pradesh,Kanpur,Furniture,Office Furniture,Office Furniture Model 2,30000,1,0.1,27000.0,2357.13
ORD00277,2024-08-18,CUST0053,Customer 295,Uttar Pradesh,Varanasi,Furniture,Bookcases,Bookcases Model 3,14000,2,0.05,26600.0,3810.1
ORD00278,2024-10-07,CUST0214,Customer 31,Maharashtra,Mumbai,Technology,Laptops,Laptops Model 1,70000,5,0.1,315000.0,37848.62
ORD00279,2025-02-15,CUST0053,Customer 22,Karnataka,Bengaluru,Office Supplies,Binders,Binders Model 2,900,6,0.0,5400.0,1038.78
ORD00280,2024-10-16,CUST0248,Customer 127,Gujarat,Ahmedabad,Office Supplies,Storage,Storage Model 2,5000,7,0.05,33250.0,7050.81
ORD00281,2024-07-27,CUST0088,Customer 264,Uttar Pradesh,Prayagraj,Furniture,Chairs,Chairs Model 3,2500,2,0.15,4250.0,360.6
ORD00282,2025-09-10,CUST0147,Customer 137,Uttar Pradesh,Agra,Office Supplies,Storage,Storage Model 1,5000,3,0.2,12000.0,1798.82
ORD00283,2025-11-21,CUST0186,Customer 218,Karnataka,Mysuru,Furniture,Tables,Tables Model 3,12000,5,0.1,54000.0,5944.44
ORD00284,2024-08-22,CUST0013,Customer 101,Gujarat,Vadodara,Office Supplies,Pens,Pens Model 2,200,7,0.05,1330.0,250.38
ORD00285,2024-10-19,CUST0298,Customer 101,Tamil Nadu,Coimbatore,Technology,Printers,Printers Model 3,7000,6,0.05,39900.0,8320.28
ORD00286,2024-08-14,CUST0236,Customer 13,Delhi,New Delhi,Furniture,Office Furniture,Office Furniture Model 1,20000,7,0.0,140000.0,19564.01
ORD00287,2024-04-09,CUST0109,Customer 173,Delhi,New Delhi,Office Supplies,Pens,Pens Model 2,350,1,0.15,297.5,48.63
ORD00288,2024-05-28,CUST0028,Customer 65,Uttar Pradesh,Lucknow,Technology,Accessories,Accessories Model 4,1000,3,0.05,2850.0,429.23
ORD00289,2025-08-08,CUST0046,Customer 13,Karnataka,Mysuru,Technology,Laptops,Laptops Model 1,45000,6,0.15,229500.0,17064.36
ORD00290,2025-01-21,CUST0111,Customer 102,Maharashtra,Nashik,Office Supplies,Paper,Paper Model 4,350,2,0.0,700.0,155.77
ORD00291,2024-04-28,CUST0156,Customer 272,Gujarat,Surat,Technology,Laptops,Laptops Model 3,45000,4,0.0,180000.0,38753.44
ORD00292,2024-06-23,CUST0222,Customer 233,West Bengal,Durgapur,Technology,Printers,Printers Model 3,11000,5,0.0,55000.0,9142.5
ORD00293,2025-01-07,CUST0135,Customer 228,Uttar Pradesh,Agra,Technology,Accessories,Accessories Model 2,1800,4,0.15,6120.0,867.68
ORD00294,2024-02-14,CUST0214,Customer 59,Karnataka,Bengaluru,Furniture,Office Furniture,Office Furniture Model 1,20000,1,0.05,19000.0,3200.36
ORD00295,2025-05-30,CUST0090,Customer 104,Maharashtra,Nagpur,Office Supplies,Paper,Paper Model 2,350,4,0.1,1260.0,213.34
ORD00296,2024-10-04,CUST0233,Customer 17,Tamil Nadu,Chennai,Furniture,Office Furniture,Office Furniture Model 2,20000,7,0.1,126000.0,10575.42
ORD00297,2025-02-15,CUST0049,Customer 175,Maharashtra,Nashik,Furniture,Chairs,Chairs Model 2,2500,2,0.05,4750.0,689.16
ORD00298,2024-01-05,CUST0084,Customer 248,Karnataka,Mysuru,Office Supplies,Paper,Paper Model 3,500,1,0.15,425.0,59.08
ORD00299,2025-07-27,CUST0086,Customer 210,Uttar Pradesh,Varanasi,Technology,Mobiles,Mobiles Model 3,35000,5,0.25,131250.0,5931.5
ORD00300,2025-03-03,CUST0235,Customer 108,Gujarat,Surat,Furniture,Tables,Tables Model 3,8000,6,0.1,43200.0,4548.73
ORD00301,2024-09-08,CUST0048,Customer 184,Karnataka,Mysuru,Office Supplies,Binders,Binders Model 3,550,4,0.15,1870.0,270.49
ORD00302,2024-11-06,CUST0154,Customer 260,Rajasthan,Jodhpur,Furniture,Office Furniture,Office Furniture Model 3,8000,1,0.2,6400.0,124.96
ORD00303,2024-12-17,CUST0094,Customer 39,Karnataka,Bengaluru,Office Supplies,Binders,Binders Model 1,550,3,0.1,1485.0,241.87
ORD00304,2024-03-14,CUST0036,Customer 101,West Bengal,Durgapur,Furniture,Tables,Tables Model 1,8000,4,0.0,32000.0,3805.34
ORD00305,2025-08-25,CUST0278,Customer 101,Maharashtra,Nashik,Technology,Accessories,Accessories Model 1,3000,2,0.05,5700.0,936.16
ORD00306,2024-09-03,CUST0155,Customer 34,Maharashtra,Mumbai,Furniture,Chairs,Chairs Model 1,4500,4,0.05,17100.0,2400.03
ORD00307,2024-01-17,CUST0274,Customer 173,Tamil Nadu,Coimbatore,Furniture,Bookcases,Bookcases Model 1,9500,4,0.0,38000.0,4080.54
ORD00308,2024-06-02,CUST0116,Customer 266,Maharashtra,Nashik,Furniture,Tables,Tables Model 4,5000,2,0.2,8000.0,235.49
ORD00309,2025-10-22,CUST0099,Customer 76,Karnataka,Bengaluru,Technology,Mobiles,Mobiles Model 1,12000,6,0.2,57600.0,1814.04
ORD00310,2025-10-06,CUST0132,Customer 279,West Bengal,Kolkata,Technology,Accessories,Accessories Model 3,1800,7,0.2,10080.0,1205.41
ORD00311,2025-05-08,CUST0271,Customer 195,Delhi,New Delhi,Furniture,Office Furniture,Office Furniture Model 1,8000,1,0.05,7600.0,849.28
ORD00312,2024-01-04,CUST0290,Customer 181,Uttar Pradesh,Kanpur,Office Supplies,Paper,Paper Model 4,350,5,0.15,1487.5,207.74
ORD00313,2024-11-21,CUST0138,Customer 168,Maharashtra,Nagpur,Office Supplies,Pens,Pens Model 2,50,6,0.1,270.0,40.16
ORD00314,2024-02-07,CUST0239,Customer 169,Maharashtra,Pune,Technology,Printers,Printers Model 3,22000,3,0.0,66000.0,12101.03
ORD00315,2025-05-10,CUST0047,Customer 228,Karnataka,Bengaluru,Furniture,Tables,Tables Model 2,5000,1,0.05,4750.0,508.65
ORD00316,2024-07-20,CUST0032,Customer 162,Tamil Nadu,Coimbatore,Office Supplies,Binders,Binders Model 1,900,1,0.1,810.0,126.03
ORD00317,2025-09-26,CUST0102,Customer 241,West Bengal,Kolkata,Technology,Printers,Printers Model 2,11000,1,0.1,9900.0,1273.29
ORD00318,2024-04-05,CUST0198,Customer 1,Gujarat,Ahmedabad,Technology,Laptops,Laptops Model 1,70000,2,0.15,119000.0,13064.64
ORD00319,2024-09-18,CUST0245,Customer 3,Uttar Pradesh,Varanasi,Office Supplies,Binders,Binders Model 1,150,2,0.2,240.0,23.05
ORD00320,2025-04-18,CUST0271,Customer 100,Uttar Pradesh,Lucknow,Office Supplies,Pens,Pens Model 1,200,1,0.05,190.0,31.35
ORD00321,2025-11-04,CUST0189,Customer 247,West Bengal,Durgapur,Office Supplies,Paper,Paper Model 3,500,4,0.0,2000.0,464.31
ORD00322,2024-07-11,CUST0283,Customer 13,Maharashtra,Nagpur,Furniture,Tables,Tables Model 1,5000,1,0.1,4500.0,567.89
ORD00323,2024-05-30,CUST0002,Customer 22,Tamil Nadu,Coimbatore,Furniture,Office Furniture,Office Furniture Model 4,20000,3,0.2,48000.0,1345.4
ORD00324,2025-08-17,CUST0179,Customer 210,Rajasthan,Jaipur,Technology,Mobiles,Mobiles Model 4,25000,3,0.2,60000.0,2905.84
ORD00325,2024-04-06,CUST0005,Customer 57,Maharashtra,Nashik,Technology,Laptops,Laptops Model 4,55000,5,0.05,261250.0,48003.26
ORD00326,2024-01-19,CUST0214,Customer 197,Karnataka,Bengaluru,Technology,Accessories,Accessories Model 1,1000,2,0.1,1800.0,156.82
ORD00327,2025-04-21,CUST0248,Customer 29,Uttar Pradesh,Prayagraj,Office Supplies,Storage,Storage Model 2,3000,7,0.0,21000.0,4972.53
ORD00328,2024-01-17,CUST0006,Customer 58,Maharashtra,Nagpur,Furniture,Chairs,Chairs Model 4,4500,6,0.1,24300.0,2710.31
ORD00329,2024-04-07,CUST0291,Customer 208,Uttar Pradesh,Lucknow,Office Supplies,Binders,Binders Model 4,150,1,0.05,142.5,22.1
ORD00330,2025-05-09,CUST0230,Customer 20,Rajasthan,Jodhpur,Office Supplies,Binders,Binders Model 3,550,7,0.05,3657.5,644.63
ORD00331,2024-05-13,CUST0207,Customer 283,Maharashtra,Pune,Office Supplies,Pens,Pens Model 4,200,7,0.1,1260.0,251.2
ORD00332,2024-09-14,CUST0065,Customer 83,Rajasthan,Jaipur,Office Supplies,Binders,Binders Model 1,550,4,0.05,2090.0,452.24
ORD00333,2024-01-25,CUST0284,Customer 68,Uttar Pradesh,Varanasi,Furniture,Bookcases,Bookcases Model 2,9500,5,0.05,45125.0,7405.37
ORD00334,2025-09-09,CUST0288,Customer 262,Tamil Nadu,Chennai,Furniture,Chairs,Chairs Model 2,10000,1,0.2,8000.0,464.94
ORD00335,2025-01-13,CUST0073,Customer 248,Tamil Nadu,Chennai,Furniture,Bookcases,Bookcases Model 2,6500,3,0.2,15600.0,725.75
ORD00336,2025-01-03,CUST0245,Customer 151,Maharashtra,Nagpur,Furniture,Tables,Tables Model 2,18000,5,0.0,90000.0,14168.54
ORD00337,2024-11-09,CUST0161,Customer 16,Uttar Pradesh,Prayagraj,Technology,Accessories,Accessories Model 1,500,6,0.05,2850.0,556.11
ORD00338,2025-05-18,CUST0174,Customer 91,Uttar Pradesh,Varanasi,Office Supplies,Pens,Pens Model 3,350,3,0.05,997.5,184.52
ORD00339,2025-11-24,CUST0037,Customer 137,Gujarat,Vadodara,Office Supplies,Paper,Paper Model 1,200,6,0.15,1020.0,162.01
ORD00340,2025-11-10,CUST0114,Customer 252,Uttar Pradesh,Kanpur,Furniture,Chairs,Chairs Model 2,7000,3,0.15,17850.0,1031.36
ORD00341,2024-05-14,CUST0061,Customer 88,Uttar Pradesh,Prayagraj,Furniture,Bookcases,Bookcases Model 2,14000,3,0.1,37800.0,3965.82
ORD00342,2025-09-05,CUST0038,Customer 133,Tamil Nadu,Chennai,Technology,Accessories,Accessories Model 2,1000,2,0.1,1800.0,165.88
ORD00343,2024-07-14,CUST0140,Customer 283,West Bengal,Durgapur,Office Supplies,Pens,Pens Model 3,50,7,0.15,297.5,38.44
ORD00344,2024-11-06,CUST0032,Customer 55,Gujarat,Vadodara,Technology,Laptops,Laptops Model 3,55000,4,0.2,176000.0,9626.16
ORD00345,2024-01-06,CUST0109,Customer 35,Tamil Nadu,Coimbatore,Furniture,Chairs,Chairs Model 2,4500,7,0.05,29925.0,4143.04
ORD00346,2025-02-17,CUST0214,Customer 285,Maharashtra,Mumbai,Office Supplies,Binders,Binders Model 3,150,4,0.2,480.0,49.36
ORD00347,2025-08-19,CUST0134,Customer 108,Delhi,New Delhi,Furniture,Office Furniture,Office Furniture Model 2,30000,7,0.1,189000.0,25490.69
ORD00348,2025-05-13,CUST0122,Customer 138,Gujarat,Surat,Furniture,Tables,Tables Model 1,8000,3,0.15,20400.0,1139.06
ORD00349,2024-05-26,CUST0118,Customer 152,Rajasthan,Udaipur,Technology,Laptops,Laptops Model 2,85000,3,0.05,242250.0,36058.39
ORD00350,2024-06-23,CUST0141,Customer 246,Gujarat,Ahmedabad,Furniture,Chairs,Chairs Model 2,2500,3,0.15,6375.0,335.81
ORD00351,2024-10-08,CUST0017,Customer 71,Gujarat,Ahmedabad,Furniture,Chairs,Chairs Model 4,2500,5,0.0,12500.0,1595.2
ORD00352,2025-07-27,CUST0017,Customer 171,Uttar Pradesh,Varanasi,Office Supplies,Pens,Pens Model 2,50,7,0.1,315.0,48.76
ORD00353,2025-05-19,CUST0086,Customer 118,Uttar Pradesh,Agra,Furniture,Chairs,Chairs Model 1,7000,2,0.05,13300.0,2043.05
ORD00354,2024-05-18,CUST0181,Customer 30,West Bengal,Durgapur,Furniture,Bookcases,Bookcases Model 2,4000,5,0.1,18000.0,1769.41
ORD00355,2024-11-30,CUST0220,Customer 116,Rajasthan,Jodhpur,Office Supplies,Storage,Storage Model 2,5000,6,0.1,27000.0,4841.02
ORD00356,2024-08-08,CUST0123,Customer 234,Rajasthan,Jaipur,Furniture,Chairs,Chairs Model 1,4500,7,0.05,29925.0,3105.63
ORD00357,2024-05-01,CUST0107,Customer 96,Maharashtra,Nagpur,Technology,Mobiles,Mobiles Model 4,35000,3,0.15,89250.0,5460.32
ORD00358,2025-04-26,CUST0207,Customer 48,Uttar Pradesh,Kanpur,Office Supplies,Storage,Storage Model 1,800,4,0.15,2720.0,278.99
ORD00359,2025-04-29,CUST0211,Customer 192,Uttar Pradesh,Lucknow,Furniture,Chairs,Chairs Model 4,2500,6,0.2,12000.0,136.72
ORD00360,2025-02-04,CUST0215,Customer 277,Rajasthan,Udaipur,Technology,Laptops,Laptops Model 3,85000,6,0.15,433500.0,42887.13
ORD00361,2025-06-03,CUST0104,Customer 59,Rajasthan,Jodhpur,Furniture,Tables,Tables Model 2,8000,4,0.1,28800.0,2024.76
ORD00362,2024-07-25,CUST0081,Customer 218,Uttar Pradesh,Agra,Technology,Mobiles,Mobiles Model 2,35000,2,0.1,63000.0,9344.84
ORD00363,2025-11-08,CUST0222,Customer 61,Rajasthan,Udaipur,Office Supplies,Binders,Binders Model 2,900,1,0.05,855.0,141.25
ORD00364,2025-08-08,CUST0207,Customer 279,Maharashtra,Mumbai,Office Supplies,Paper,Paper Model 2,350,5,0.15,1487.5,237.64
ORD00365,2024-04-29,CUST0178,Customer 176,Tamil Nadu,Coimbatore,Technology,Laptops,Laptops Model 4,85000,1,0.1,76500.0,10231.21
ORD00366,2024-03-17,CUST0230,Customer 258,Maharashtra,Nashik,Technology,Printers,Printers Model 4,16000,5,0.1,72000.0,6183.36
ORD00367,2025-04-24,CUST0061,Customer 163,West Bengal,Kolkata,Furniture,Office Furniture,Office Furniture Model 2,30000,3,0.25,67500.0,2803.61
ORD00368,2025-05-22,CUST0291,Customer 86,Gujarat,Ahmedabad,Technology,Accessories,Accessories Model 4,1800,3,0.2,4320.0,214.78
ORD00369,2024-12-04,CUST0025,Customer 68,Uttar Pradesh,Varanasi,Office Supplies,Storage,Storage Model 4,3000,7,0.1,18900.0,2290.98
ORD00370,2024-02-17,CUST0211,Customer 139,Tamil Nadu,Chennai,Office Supplies,Binders,Binders Model 2,150,3,0.1,405.0,51.36
ORD00371,2024-06-18,CUST0166,Customer 14,Tamil Nadu,Chennai,Furniture,Bookcases,Bookcases Model 3,4000,3,0.1,10800.0,1334.03
ORD00372,2024-03-15,CUST0277,Customer 133,Uttar Pradesh,Kanpur,Office Supplies,Pens,Pens Model 3,100,2,0.0,200.0,43.91
ORD00373,2025-10-16,CUST0104,Customer 214,Uttar Pradesh,Kanpur,Office Supplies,Paper,Paper Model 2,350,6,0.05,1995.0,445.43
ORD00374,2025-01-09,CUST0059,Customer 43,Gujarat,Ahmedabad,Office Supplies,Binders,Binders Model 2,900,2,0.15,1530.0,274.83
ORD00375,2025-03-13,CUST0026,Customer 75,Delhi,New Delhi,Furniture,Office Furniture,Office Furniture Model 2,13000,3,0.15,33150.0,3219.01
ORD00376,2025-10-01,CUST0116,Customer 144,Gujarat,Vadodara,Technology,Printers,Printers Model 1,22000,2,0.0,44000.0,8249.75
ORD00377,2024-06-27,CUST0212,Customer 293,Rajasthan,Udaipur,Technology,Laptops,Laptops Model 3,70000,3,0.15,178500.0,21399.27
ORD00378,2024-12-31,CUST0276,Customer 231,Karnataka,Bengaluru,Furniture,Chairs,Chairs Model 4,7000,7,0.15,41650.0,2153.74
ORD00379,2024-03-11,CUST0058,Customer 290,Delhi,New Delhi,Furniture,Chairs,Chairs Model 4,4500,6,0.05,25650.0,4061.98
ORD00380,2024-03-24,CUST0293,Customer 126,Delhi,New Delhi,Technology,Printers,Printers Model 2,22000,4,0.1,79200.0,10409.12
ORD00381,2024-02-18,CUST0125,Customer 13,Uttar Pradesh,Prayagraj,Technology,Printers,Printers Model 3,11000,5,0.05,52250.0,7469.76
ORD00382,2025-01-10,CUST0278,Customer 130,Uttar Pradesh,Agra,Technology,Printers,Printers Model 3,11000,6,0.2,52800.0,2930.21
ORD00383,2024-04-21,CUST0145,Customer 65,Karnataka,Bengaluru,Furniture,Office Furniture,Office Furniture Model 2,8000,6,0.15,40800.0,1652.56
ORD00384,2024-03-29,CUST0176,Customer 18,Delhi,New Delhi,Technology,Laptops,Laptops Model 3,55000,5,0.1,247500.0,23969.81
ORD00385,2024-03-22,CUST0208,Customer 201,Rajasthan,Jaipur,Office Supplies,Pens,Pens Model 3,200,7,0.2,1120.0,90.04
ORD00386,2024-01-18,CUST0295,Customer 196,Delhi,New Delhi,Furniture,Bookcases,Bookcases Model 4,9500,1,0.2,7600.0,209.12
ORD00387,2024-07-06,CUST0270,Customer 95,Delhi,New Delhi,Furniture,Office Furniture,Office Furniture Model 1,8000,1,0.2,6400.0,532.66
ORD00388,2025-02-25,CUST0120,Customer 220,Delhi,New Delhi,Office Supplies,Storage,Storage Model 1,800,3,0.0,2400.0,532.46
ORD00389,2024-07-03,CUST0006,Customer 206,Uttar Pradesh,Kanpur,Technology,Laptops,Laptops Model 2,55000,6,0.15,280500.0,38294.91
ORD00390,2024-09-11,CUST0190,Customer 127,Maharashtra,Pune,Furniture,Bookcases,Bookcases Model 4,4000,3,0.2,9600.0,872.41
ORD00391,2024-10-02,CUST0205,Customer 273,Maharashtra,Pune,Furniture,Office Furniture,Office Furniture Model 3,20000,6,0.15,102000.0,10325.78
ORD00392,2025-11-29,CUST0269,Customer 229,Maharashtra,Nashik,Office Supplies,Paper,Paper Model 3,350,3,0.05,997.5,233.45
ORD00393,2024-04-03,CUST0269,Customer 171,Delhi,New Delhi,Office Supplies,Storage,Storage Model 3,1500,6,0.1,8100.0,1229.93
ORD00394,2024-06-28,CUST0202,Customer 53,Uttar Pradesh,Agra,Technology,Laptops,Laptops Model 4,70000,4,0.15,238000.0,31465.61
ORD00395,2025-12-20,CUST0265,Customer 288,Uttar Pradesh,Prayagraj,Technology,Laptops,Laptops Model 4,45000,6,0.25,202500.0,11892.97
ORD00396,2024-11-16,CUST0107,Customer 232,Uttar Pradesh,Lucknow,Office Supplies,Paper,Paper Model 1,800,3,0.05,2280.0,482.07
ORD00397,2025-02-10,CUST0056,Customer 102,Uttar Pradesh,Kanpur,Office Supplies,Pens,Pens Model 3,50,1,0.05,47.5,9.96
ORD00398,2024-05-28,CUST0115,Customer 63,Uttar Pradesh,Kanpur,Furniture,Chairs,Chairs Model 1,7000,3,0.05,19950.0,3365.87
ORD00399,2024-08-31,CUST0068,Customer 214,Uttar Pradesh,Prayagraj,Furniture,Tables,Tables Model 3,18000,6,0.05,102600.0,16114.98
ORD00400,2024-09-03,CUST0188,Customer 83,Maharashtra,Nagpur,Technology,Laptops,Laptops Model 4,55000,1,0.15,46750.0,6498.3
ORD00401,2025-04-04,CUST0208,Customer 137,Maharashtra,Nagpur,Technology,Printers,Printers Model 3,22000,1,0.0,22000.0,3970.54
ORD00402,2025-08-01,CUST0250,Customer 118,Maharashtra,Nashik,Furniture,Office Furniture,Office Furniture Model 3,13000,5,0.1,58500.0,5893.44
ORD00403,2024-04-14,CUST0181,Customer 44,Rajasthan,Jodhpur,Furniture,Office Furniture,Office Furniture Model 2,20000,3,0.05,57000.0,6703.66
ORD00404,2024-03-27,CUST0176,Customer 183,Delhi,New Delhi,Furniture,Bookcases,Bookcases Model 2,14000,4,0.2,44800.0,3448.17
ORD00405,2025-04-25,CUST0294,Customer 253,Uttar Pradesh,Lucknow,Office Supplies,Pens,Pens Model 2,50,1,0.2,40.0,3.98
ORD00406,2024-03-10,CUST0113,Customer 112,Delhi,New Delhi,Technology,Printers,Printers Model 3,11000,1,0.05,10450.0,1700.96
ORD00407,2024-08-29,CUST0138,Customer 180,Maharashtra,Nagpur,Office Supplies,Binders,Binders Model 1,900,3,0.1,2430.0,445.45
ORD00408,2024-02-25,CUST0237,Customer 197,Uttar Pradesh,Kanpur,Office Supplies,Paper,Paper Model 2,200,5,0.1,900.0,155.0
ORD00409,2025-03-20,CUST0220,Customer 94,Uttar Pradesh,Varanasi,Office Supplies,Storage,Storage Model 3,1500,3,0.1,4050.0,491.64
ORD00410,2025-08-10,CUST0278,Customer 40,Maharashtra,Nagpur,Office Supplies,Storage,Storage Model 3,1500,7,0.0,10500.0,2462.84
ORD00411,2024-07-26,CUST0008,Customer 190,Tamil Nadu,Chennai,Technology,Accessories,Accessories Model 2,1000,2,0.2,1600.0,108.25
ORD00412,2025-03-04,CUST0262,Customer 163,West Bengal,Kolkata,Furniture,Chairs,Chairs Model 1,4500,1,0.1,4050.0,518.99
ORD00413,2024-02-29,CUST0006,Customer 197,Maharashtra,Nagpur,Technology,Accessories,Accessories Model 2,500,3,0.15,1275.0,96.58
ORD00414,2025-01-24,CUST0198,Customer 59,Tamil Nadu,Chennai,Furniture,Tables,Tables Model 2,12000,5,0.05,57000.0,6042.53
ORD00415,2025-07-28,CUST0239,Customer 100,Rajasthan,Jodhpur,Technology,Laptops,Laptops Model 2,55000,5,0.05,261250.0,40336.48
ORD00416,2024-12-28,CUST0050,Customer 65,Rajasthan,Jodhpur,Office Supplies,Storage,Storage Model 4,800,5,0.1,3600.0,449.09
ORD00417,2024-07-05,CUST0208,Customer 220,Delhi,New Delhi,Office Supplies,Binders,Binders Model 2,900,6,0.05,5130.0,897.03
ORD00418,2024-05-15,CUST0280,Customer 271,Karnataka,Mysuru,Furniture,Office Furniture,Office Furniture Model 4,8000,2,0.1,14400.0,1028.85
ORD00419,2025-04-02,CUST0230,Customer 146,West Bengal,Kolkata,Technology,Mobiles,Mobiles Model 4,25000,4,0.2,80000.0,8340.82
ORD00420,2025-03-28,CUST0122,Customer 108,Uttar Pradesh,Agra,Furniture,Office Furniture,Office Furniture Model 2,20000,6,0.0,120000.0,22288.37
ORD00421,2025-09-15,CUST0106,Customer 139,Maharashtra,Nagpur,Furniture,Tables,Tables Model 2,12000,2,0.1,21600.0,2415.39
ORD00422,2024-10-17,CUST0022,Customer 193,Rajasthan,Udaipur,Furniture,Chairs,Chairs Model 3,2500,6,0.2,12000.0,-49.38
ORD00423,2024-08-12,CUST0018,Customer 113,Delhi,New Delhi,Office Supplies,Pens,Pens Model 1,200,2,0.0,400.0,104.49
ORD00424,2024-09-12,CUST0215,Customer 30,Maharashtra,Mumbai,Technology,Accessories,Accessories Model 1,1800,5,0.05,8550.0,1532.72
ORD00425,2025-01-09,CUST0127,Customer 25,West Bengal,Durgapur,Technology,Printers,Printers Model 3,7000,2,0.2,11200.0,729.6
ORD00426,2025-05-17,CUST0209,Customer 64,Rajasthan,Jodhpur,Technology,Accessories,Accessories Model 3,500,5,0.25,1875.0,44.26
ORD00427,2025-10-17,CUST0262,Customer 239,Maharashtra,Mumbai,Furniture,Tables,Tables Model 3,12000,1,0.0,12000.0,1930.17
ORD00428,2024-10-09,CUST0079,Customer 72,Uttar Pradesh,Prayagraj,Furniture,Office Furniture,Office Furniture Model 3,13000,2,0.0,26000.0,4336.73
ORD00429,2025-04-09,CUST0292,Customer 8,Karnataka,Bengaluru,Furniture,Bookcases,Bookcases Model 4,14000,4,0.1,50400.0,4197.62
ORD00430,2025-10-24,CUST0270,Customer 71,Tamil Nadu,Coimbatore,Technology,Mobiles,Mobiles Model 1,25000,4,0.05,95000.0,13140.9
ORD00431,2024-01-21,CUST0064,Customer 165,Uttar Pradesh,Prayagraj,Office Supplies,Paper,Paper Model 3,500,4,0.15,1700.0,171.8
ORD00432,2024-08-11,CUST0272,Customer 146,West Bengal,Durgapur,Furniture,Chairs,Chairs Model 2,7000,4,0.1,25200.0,2564.75
ORD00433,2025-07-03,CUST0070,Customer 116,Uttar Pradesh,Prayagraj,Furniture,Bookcases,Bookcases Model 3,6500,5,0.05,30875.0,2806.43
ORD00434,2025-09-29,CUST0075,Customer 165,Rajasthan,Jaipur,Technology,Printers,Printers Model 4,11000,2,0.0,22000.0,3358.61
ORD00435,2025-03-16,CUST0189,Customer 95,Uttar Pradesh,Prayagraj,Technology,Mobiles,Mobiles Model 1,18000,1,0.05,17100.0,2866.48
ORD00436,2024-05-23,CUST0016,Customer 245,Delhi,New Delhi,Furniture,Office Furniture,Office Furniture Model 2,13000,2,0.05,24700.0,3714.53
ORD00437,2025-12-21,CUST0225,Customer 47,Delhi,New Delhi,Technology,Accessories,Accessories Model 3,500,4,0.15,1700.0,94.81
ORD00438,2024-10-22,CUST0171,Customer 195,Maharashtra,Pune,Office Supplies,Binders,Binders Model 4,900,4,0.0,3600.0,806.39
ORD00439,2024-04-05,CUST0266,Customer 298,Maharashtra,Pune,Office Supplies,Binders,Binders Model 2,150,2,0.1,270.0,33.37
ORD00440,2024-08-24,CUST0022,Customer 185,Maharashtra,Mumbai,Office Supplies,Binders,Binders Model 2,550,5,0.15,2337.5,290.76
ORD00441,2024-07-19,CUST0010,Customer 226,Karnataka,Bengaluru,Technology,Printers,Printers Model 2,22000,2,0.1,39600.0,3960.1
ORD00442,2025-01-20,CUST0159,Customer 57,Karnataka,Bengaluru,Furniture,Chairs,Chairs Model 3,10000,4,0.05,38000.0,4429.67
ORD00443,2025-10-19,CUST0216,Customer 162,Tamil Nadu,Chennai,Office Supplies,Paper,Paper Model 4,800,5,0.0,4000.0,951.68
ORD00444,2025-09-30,CUST0217,Customer 96,Karnataka,Mysuru,Technology,Mobiles,Mobiles Model 4,12000,4,0.15,40800.0,1829.1
ORD00445,2025-04-06,CUST0231,Customer 206,Rajasthan,Jodhpur,Furniture,Bookcases,Bookcases Model 4,4000,3,0.0,12000.0,1733.05
ORD00446,2025-06-10,CUST0044,Customer 169,West Bengal,Durgapur,Office Supplies,Pens,Pens Model 2,50,7,0.0,350.0,81.76
ORD00447,2024-02-12,CUST0245,Customer 287,Delhi,New Delhi,Furniture,Chairs,Chairs Model 1,7000,4,0.15,23800.0,1005.52
ORD00448,2024-10-17,CUST0133,Customer 201,Maharashtra,Nashik,Technology,Mobiles,Mobiles Model 2,25000,5,0.25,93750.0,1493.18
ORD00449,2025-12-24,CUST0096,Customer 75,Gujarat,Vadodara,Furniture,Tables,Tables Model 2,5000,5,0.1,22500.0,1951.81
ORD00450,2024-07-11,CUST0058,Customer 111,Karnataka,Mysuru,Furniture,Chairs,Chairs Model 2,4500,3,0.2,10800.0,374.85
ORD00451,2024-12-29,CUST0204,Customer 212,Maharashtra,Pune,Office Supplies,Binders,Binders Model 4,150,3,0.1,405.0,75.36
ORD00452,2024-06-19,CUST0141,Customer 188,Rajasthan,Jaipur,Office Supplies,Pens,Pens Model 2,200,6,0.0,1200.0,300.19
ORD00453,2024-10-25,CUST0077,Customer 137,West Bengal,Durgapur,Furniture,Chairs,Chairs Model 1,4500,3,0.05,12825.0,1553.78
ORD00454,2025-10-27,CUST0042,Customer 11,Uttar Pradesh,Kanpur,Office Supplies,Pens,Pens Model 4,200,7,0.0,1400.0,273.62
ORD00455,2025-01-10,CUST0263,Customer 267,Uttar Pradesh,Kanpur,Technology,Mobiles,Mobiles Model 2,35000,6,0.15,178500.0,12478.77
ORD00456,2025-09-20,CUST0046,Customer 88,Karnataka,Mysuru,Technology,Mobiles,Mobiles Model 2,18000,4,0.1,64800.0,8319.72
ORD00457,2024-12-31,CUST0122,Customer 11,Tamil Nadu,Chennai,Office Supplies,Binders,Binders Model 2,150,4,0.15,510.0,88.31
ORD00458,2025-06-21,CUST0054,Customer 29,Maharashtra,Mumbai,Technology,Accessories,Accessories Model 2,3000,3,0.25,6750.0,189.16
ORD00459,2024-08-04,CUST0106,Customer 47,Maharashtra,Nashik,Technology,Accessories,Accessories Model 2,3000,1,0.0,3000.0,529.77
ORD00460,2024-10-04,CUST0210,Customer 169,Gujarat,Surat,Furniture,Tables,Tables Model 4,12000,1,0.25,9000.0,351.09
ORD00461,2025-05-30,CUST0132,Customer 218,Uttar Pradesh,Lucknow,Furniture,Chairs,Chairs Model 2,4500,3,0.05,12825.0,1481.35
ORD00462,2024-10-18,CUST0244,Customer 123,Maharashtra,Nagpur,Furniture,Chairs,Chairs Model 1,7000,5,0.05,33250.0,3271.35
ORD00463,2025-06-12,CUST0039,Customer 39,Rajasthan,Jodhpur,Technology,Printers,Printers Model 4,7000,3,0.05,19950.0,4026.18
ORD00464,2025-06-13,CUST0090,Customer 181,Gujarat,Surat,Technology,Accessories,Accessories Model 2,3000,4,0.2,9600.0,339.36
ORD00465,2025-08-29,CUST0254,Customer 30,Uttar Pradesh,Agra,Technology,Mobiles,Mobiles Model 2,25000,2,0.05,47500.0,7761.47
ORD00466,2024-09-02,CUST0247,Customer 29,Rajasthan,Jaipur,Technology,Printers,Printers Model 2,11000,3,0.05,31350.0,2796.23
ORD00467,2025-12-22,CUST0236,Customer 186,Maharashtra,Pune,Furniture,Tables,Tables Model 4,12000,5,0.0,60000.0,8669.27
ORD00468,2024-04-07,CUST0093,Customer 22,Delhi,New Delhi,Technology,Mobiles,Mobiles Model 3,35000,3,0.1,94500.0,11187.35
ORD00469,2025-02-15,CUST0224,Customer 220,Maharashtra,Nagpur,Furniture,Chairs,Chairs Model 3,2500,5,0.1,11250.0,1083.31
ORD00470,2025-07-07,CUST0053,Customer 251,Uttar Pradesh,Lucknow,Furniture,Chairs,Chairs Model 2,10000,5,0.15,42500.0,3481.59
ORD00471,2025-01-30,CUST0111,Customer 294,Rajasthan,Udaipur,Furniture,Bookcases,Bookcases Model 3,9500,3,0.15,24225.0,1971.27
ORD00472,2025-11-21,CUST0085,Customer 45,Gujarat,Vadodara,Office Supplies,Storage,Storage Model 3,1500,4,0.1,5400.0,695.44
ORD00473,2024-09-22,CUST0208,Customer 110,Gujarat,Ahmedabad,Office Supplies,Paper,Paper Model 4,350,5,0.0,1750.0,269.1
ORD00474,2025-05-08,CUST0279,Customer 171,Delhi,New Delhi,Furniture,Tables,Tables Model 4,5000,1,0.15,4250.0,430.47
ORD00475,2024-06-03,CUST0160,Customer 111,Rajasthan,Jaipur,Office Supplies,Binders,Binders Model 2,150,3,0.1,405.0,78.51
ORD00476,2024-11-18,CUST0006,Customer 280,Delhi,New Delhi,Office Supplies,Storage,Storage Model 1,5000,6,0.25,22500.0,2636.07
ORD00477,2025-01-04,CUST0175,Customer 76,Maharashtra,Pune,Furniture,Chairs,Chairs Model 1,10000,6,0.15,51000.0,3957.67
ORD00478,2025-06-21,CUST0238,Customer 14,Uttar Pradesh,Varanasi,Furniture,Bookcases,Bookcases Model 3,9500,3,0.05,27075.0,2405.36
ORD00479,2025-11-29,CUST0289,Customer 28,Karnataka,Mysuru,Furniture,Chairs,Chairs Model 3,7000,7,0.15,41650.0,2181.77
ORD00480,2024-06-16,CUST0080,Customer 294,West Bengal,Kolkata,Technology,Laptops,Laptops Model 2,70000,2,0.15,119000.0,14059.04
ORD00481,2024-08-23,CUST0214,Customer 85,Delhi,New Delhi,Furniture,Tables,Tables Model 2,18000,4,0.15,61200.0,2599.37
ORD00482,2024-12-08,CUST0158,Customer 77,Delhi,New Delhi,Technology,Laptops,Laptops Model 1,55000,7,0.05,365750.0,53182.93
ORD00483,2024-05-14,CUST0050,Customer 134,Gujarat,Vadodara,Technology,Laptops,Laptops Model 1,70000,7,0.05,465500.0,64742.63
ORD00484,2024-12-08,CUST0148,Customer 101,Maharashtra,Mumbai,Furniture,Bookcases,Bookcases Model 1,6500,5,0.1,29250.0,3302.41
ORD00485,2025-07-03,CUST0075,Customer 142,Karnataka,Mysuru,Furniture,Chairs,Chairs Model 2,2500,2,0.0,5000.0,519.99
ORD00486,2024-08-28,CUST0237,Customer 35,Uttar Pradesh,Kanpur,Technology,Accessories,Accessories Model 1,3000,3,0.15,7650.0,739.7
ORD00487,2025-12-23,CUST0025,Customer 16,Karnataka,Mysuru,Technology,Laptops,Laptops Model 4,55000,3,0.1,148500.0,22347.73
ORD00488,2025-02-05,CUST0034,Customer 45,Maharashtra,Mumbai,Furniture,Bookcases,Bookcases Model 1,6500,4,0.15,22100.0,675.74
ORD00489,2024-09-30,CUST0088,Customer 244,Gujarat,Surat,Technology,Laptops,Laptops Model 4,70000,7,0.15,416500.0,48394.2
ORD00490,2025-01-22,CUST0209,Customer 272,Maharashtra,Nagpur,Technology,Accessories,Accessories Model 4,500,5,0.15,2125.0,257.59
ORD00491,2025-09-12,CUST0189,Customer 95,Maharashtra,Mumbai,Office Supplies,Pens,Pens Model 1,350,7,0.15,2082.5,311.32
ORD00492,2025-09-02,CUST0298,Customer 164,Uttar Pradesh,Kanpur,Technology,Mobiles,Mobiles Model 4,12000,6,0.05,68400.0,10771.2
ORD00493,2025-05-01,CUST0151,Customer 157,Gujarat,Ahmedabad,Technology,Printers,Printers Model 1,22000,7,0.05,146300.0,17374.68
ORD00494,2024-07-01,CUST0209,Customer 130,Maharashtra,Nagpur,Office Supplies,Pens,Pens Model 1,200,2,0.05,380.0,69.21
ORD00495,2024-07-10,CUST0214,Customer 144,Tamil Nadu,Coimbatore,Furniture,Tables,Tables Model 3,8000,3,0.05,22800.0,3874.73
ORD00496,2025-04-11,CUST0100,Customer 7,West Bengal,Kolkata,Furniture,Chairs,Chairs Model 4,7000,3,0.2,16800.0,273.89
ORD00497,2025-07-07,CUST0273,Customer 191,Uttar Pradesh,Lucknow,Technology,Accessories,Accessories Model 2,3000,3,0.05,8550.0,1515.54
ORD00498,2024-08-02,CUST0134,Customer 285,Tamil Nadu,Chennai,Office Supplies,Binders,Binders Model 4,150,6,0.15,765.0,93.96
ORD00499,2024-06-14,CUST0189,Customer 78,Maharashtra,Nagpur,Furniture,Office Furniture,Office Furniture Model 3,13000,7,0.0,91000.0,15901.93
ORD00500,2024-06-27,CUST0276,Customer 112,Delhi,New Delhi,Technology,Mobiles,Mobiles Model 4,25000,6,0.25,112500.0,3051.03
ORD00501,2025-01-21,CUST0246,Customer 237,Maharashtra,Nagpur,Office Supplies,Paper,Paper Model 1,200,7,0.0,1400.0,352.29
ORD00502,2024-05-02,CUST0298,Customer 178,Uttar Pradesh,Kanpur,Office Supplies,Storage,Storage Model 2,3000,4,0.05,11400.0,2618.2
ORD00503,2024-09-26,CUST0253,Customer 95,Delhi,New Delhi,Furniture,Bookcases,Bookcases Model 3,4000,3,0.15,10200.0,650.13
ORD00504,2024-03-19,CUST0070,Customer 27,Karnataka,Mysuru,Technology,Mobiles,Mobiles Model 2,18000,6,0.05,102600.0,17359.05
ORD00505,2024-09-12,CUST0222,Customer 241,Rajasthan,Udaipur,Technology,Accessories,Accessories Model 2,1800,5,0.05,8550.0,1191.75
ORD00506,2025-05-16,CUST0192,Customer 253,Maharashtra,Pune,Furniture,Office Furniture,Office Furniture Model 2,8000,5,0.1,36000.0,4636.98
ORD00507,2024-12-05,CUST0085,Customer 245,Delhi,New Delhi,Technology,Accessories,Accessories Model 2,1000,1,0.1,900.0,114.5
ORD00508,2025-03-17,CUST0130,Customer 132,West Bengal,Kolkata,Office Supplies,Binders,Binders Model 4,150,3,0.1,405.0,77.88
ORD00509,2025-03-01,CUST0185,Customer 265,Gujarat,Surat,Office Supplies,Paper,Paper Model 3,200,5,0.05,950.0,163.95
ORD00510,2025-08-31,CUST0018,Customer 97,Gujarat,Surat,Office Supplies,Binders,Binders Model 2,550,5,0.0,2750.0,787.06
ORD00511,2024-01-18,CUST0182,Customer 113,Rajasthan,Jaipur,Technology,Accessories,Accessories Model 3,3000,1,0.15,2550.0,241.84
ORD00512,2025-05-13,CUST0286,Customer 250,Delhi,New Delhi,Office Supplies,Binders,Binders Model 1,550,2,0.2,880.0,86.82
ORD00513,2024-02-21,CUST0285,Customer 9,Gujarat,Vadodara,Office Supplies,Binders,Binders Model 2,550,6,0.05,3135.0,621.18
ORD00514,2024-03-05,CUST0182,Customer 241,Uttar Pradesh,Prayagraj,Office Supplies,Storage,Storage Model 3,1500,4,0.2,4800.0,530.11
ORD00515,2024-05-05,CUST0042,Customer 98,Uttar Pradesh,Kanpur,Furniture,Chairs,Chairs Model 3,10000,3,0.1,27000.0,2825.55
ORD00516,2024-07-25,CUST0110,Customer 278,Karnataka,Mysuru,Technology,Accessories,Accessories Model 2,500,6,0.05,2850.0,431.09
ORD00517,2024-11-16,CUST0179,Customer 219,Rajasthan,Udaipur,Technology,Printers,Printers Model 2,16000,2,0.05,30400.0,4773.61
ORD00518,2024-03-05,CUST0100,Customer 74,West Bengal,Durgapur,Technology,Laptops,Laptops Model 2,85000,2,0.1,153000.0,24110.04
ORD00519,2025-03-27,CUST0206,Customer 78,Gujarat,Ahmedabad,Office Supplies,Pens,Pens Model 3,350,5,0.05,1662.5,284.61
ORD00520,2025-10-13,CUST0150,Customer 288,Delhi,New Delhi,Furniture,Tables,Tables Model 2,8000,5,0.1,36000.0,2103.51
ORD00521,2025-06-18,CUST0044,Customer 27,Delhi,New Delhi,Office Supplies,Pens,Pens Model 1,100,6,0.15,510.0,62.19
ORD00522,2024-05-09,CUST0055,Customer 97,Maharashtra,Nagpur,Office Supplies,Pens,Pens Model 4,200,1,0.15,170.0,21.02
ORD00523,2024-06-17,CUST0169,Customer 151,Gujarat,Surat,Furniture,Tables,Tables Model 1,8000,3,0.15,20400.0,1182.99
ORD00524,2024-09-26,CUST0180,Customer 224,West Bengal,Durgapur,Furniture,Tables,Tables Model 3,12000,1,0.05,11400.0,1302.17
ORD00525,2024-07-09,CUST0170,Customer 204,Tamil Nadu,Coimbatore,Technology,Mobiles,Mobiles Model 2,35000,5,0.1,157500.0,18592.41
ORD00526,2024-07-05,CUST0130,Customer 127,Gujarat,Ahmedabad,Furniture,Tables,Tables Model 3,18000,1,0.05,17100.0,1950.6
ORD00527,2024-06-24,CUST0117,Customer 166,Uttar Pradesh,Agra,Technology,Accessories,Accessories Model 4,1000,7,0.1,6300.0,858.5
ORD00528,2024-12-17,CUST0137,Customer 273,Maharashtra,Nashik,Technology,Printers,Printers Model 1,7000,5,0.2,28000.0,2455.34
ORD00529,2025-05-10,CUST0212,Customer 101,Uttar Pradesh,Varanasi,Office Supplies,Paper,Paper Model 2,500,5,0.1,2250.0,293.05
ORD00530,2025-02-07,CUST0047,Customer 107,Gujarat,Ahmedabad,Furniture,Chairs,Chairs Model 1,7000,4,0.25,21000.0,345.32
ORD00531,2024-06-02,CUST0174,Customer 92,Uttar Pradesh,Agra,Technology,Accessories,Accessories Model 4,500,7,0.15,2975.0,279.42
ORD00532,2025-08-10,CUST0177,Customer 184,Rajasthan,Jaipur,Technology,Laptops,Laptops Model 2,70000,1,0.05,66500.0,11449.69
ORD00533,2025-02-11,CUST0189,Customer 129,Maharashtra,Nagpur,Office Supplies,Binders,Binders Model 3,900,4,0.15,3060.0,293.47
ORD00534,2024-05-13,CUST0148,Customer 71,Uttar Pradesh,Varanasi,Technology,Printers,Printers Model 2,22000,5,0.1,99000.0,14971.59
ORD00535,2024-03-08,CUST0253,Customer 2,West Bengal,Kolkata,Technology,Mobiles,Mobiles Model 3,12000,2,0.0,24000.0,3813.53
ORD00536,2025-12-28,CUST0098,Customer 236,Delhi,New Delhi,Furniture,Office Furniture,Office Furniture Model 2,30000,1,0.15,25500.0,1557.96
ORD00537,2024-10-30,CUST0130,Customer 84,Uttar Pradesh,Prayagraj,Furniture,Office Furniture,Office Furniture Model 2,13000,1,0.1,11700.0,798.76
ORD00538,2024-12-04,CUST0162,Customer 44,Karnataka,Mysuru,Furniture,Office Furniture,Office Furniture Model 4,13000,4,0.1,46800.0,2593.13
ORD00539,2024-03-11,CUST0048,Customer 19,Rajasthan,Jodhpur,Furniture,Office Furniture,Office Furniture Model 2,13000,4,0.2,41600.0,35.75
ORD00540,2024-05-22,CUST0192,Customer 69,Maharashtra,Nagpur,Office Supplies,Paper,Paper Model 4,500,3,0.15,1275.0,208.01
ORD00541,2025-02-25,CUST0106,Customer 35,Rajasthan,Jaipur,Technology,Accessories,Accessories Model 1,1000,1,0.1,900.0,127.83
ORD00542,2024-06-17,CUST0010,Customer 122,Maharashtra,Nagpur,Office Supplies,Storage,Storage Model 2,5000,7,0.05,33250.0,6817.93
ORD00543,2024-08-01,CUST0121,Customer 132,Uttar Pradesh,Kanpur,Technology,Accessories,Accessories Model 1,3000,7,0.15,17850.0,1563.13
ORD00544,2024-11-02,CUST0267,Customer 140,Gujarat,Vadodara,Office Supplies,Paper,Paper Model 2,350,6,0.05,1995.0,329.06
ORD00545,2025-04-21,CUST0253,Customer 14,Delhi,New Delhi,Furniture,Bookcases,Bookcases Model 4,4000,4,0.05,15200.0,1663.68
ORD00546,2024-08-03,CUST0135,Customer 129,Karnataka,Mysuru,Technology,Laptops,Laptops Model 4,55000,6,0.25,247500.0,13655.05
ORD00547,2024-08-29,CUST0294,Customer 51,West Bengal,Durgapur,Technology,Printers,Printers Model 2,22000,2,0.25,33000.0,1426.63
ORD00548,2025-03-18,CUST0018,Customer 220,Uttar Pradesh,Agra,Furniture,Chairs,Chairs Model 1,4500,7,0.1,28350.0,2501.69
ORD00549,2024-02-26,CUST0180,Customer 232,Uttar Pradesh,Prayagraj,Technology,Accessories,Accessories Model 2,1000,1,0.15,850.0,85.39
ORD00550,2025-11-17,CUST0229,Customer 226,Karnataka,Bengaluru,Office Supplies,Pens,Pens Model 4,50,5,0.05,237.5,41.72
ORD00551,2024-12-08,CUST0177,Customer 139,Gujarat,Vadodara,Furniture,Tables,Tables Model 2,8000,6,0.05,45600.0,5271.0
ORD00552,2024-07-28,CUST0229,Customer 275,Karnataka,Mysuru,Office Supplies,Pens,Pens Model 1,350,1,0.05,332.5,57.22
ORD00553,2024-01-05,CUST0182,Customer 13,Maharashtra,Nagpur,Technology,Laptops,Laptops Model 4,85000,2,0.0,170000.0,34312.92
ORD00554,2024-04-17,CUST0156,Customer 82,Maharashtra,Nagpur,Office Supplies,Pens,Pens Model 2,100,7,0.0,700.0,153.47
ORD00555,2024-09-10,CUST0188,Customer 32,Maharashtra,Pune,Office Supplies,Pens,Pens Model 1,200,2,0.2,320.0,33.01
ORD00556,2024-06-26,CUST0143,Customer 248,Uttar Pradesh,Agra,Furniture,Tables,Tables Model 4,5000,1,0.0,5000.0,738.63
ORD00557,2024-01-26,CUST0151,Customer 221,Karnataka,Mysuru,Furniture,Bookcases,Bookcases Model 3,9500,4,0.15,32300.0,938.65
ORD00558,2024-05-23,CUST0189,Customer 255,Delhi,New Delhi,Technology,Laptops,Laptops Model 3,70000,5,0.0,350000.0,61732.08
ORD00559,2025-06-04,CUST0012,Customer 244,Delhi,New Delhi,Furniture,Chairs,Chairs Model 2,2500,4,0.1,9000.0,872.89
ORD00560,2025-09-09,CUST0058,Customer 78,Delhi,New Delhi,Office Supplies,Paper,Paper Model 2,350,2,0.15,595.0,82.78
ORD00561,2025-11-08,CUST0261,Customer 221,Uttar Pradesh,Prayagraj,Furniture,Bookcases,Bookcases Model 4,4000,5,0.25,15000.0,410.81
ORD00562,2024-10-07,CUST0215,Customer 98,Delhi,New Delhi,Technology,Printers,Printers Model 2,22000,7,0.15,130900.0,10832.32
ORD00563,2025-02-28,CUST0255,Customer 207,West Bengal,Kolkata,Furniture,Chairs,Chairs Model 2,7000,3,0.1,18900.0,1187.96
ORD00564,2025-12-30,CUST0273,Customer 251,Maharashtra,Nashik,Technology,Laptops,Laptops Model 2,55000,1,0.05,52250.0,9109.49
ORD00565,2024-08-02,CUST0049,Customer 232,Uttar Pradesh,Kanpur,Furniture,Tables,Tables Model 3,8000,1,0.05,7600.0,1051.87
ORD00566,2025-12-28,CUST0177,Customer 80,Rajasthan,Udaipur,Furniture,Bookcases,Bookcases Model 4,14000,3,0.1,37800.0,2056.76
ORD00567,2024-11-06,CUST0196,Customer 44,Gujarat,Ahmedabad,Office Supplies,Storage,Storage Model 4,5000,6,0.1,27000.0,3938.08
ORD00568,2024-05-24,CUST0037,Customer 45,Maharashtra,Nagpur,Technology,Printers,Printers Model 3,16000,4,0.05,60800.0,9219.53
ORD00569,2025-06-29,CUST0194,Customer 55,Uttar Pradesh,Prayagraj,Technology,Printers,Printers Model 3,7000,4,0.05,26600.0,3734.52
ORD00570,2025-03-19,CUST0128,Customer 179,Tamil Nadu,Coimbatore,Technology,Accessories,Accessories Model 1,1000,2,0.05,1900.0,243.85
ORD00571,2025-03-20,CUST0296,Customer 166,Gujarat,Ahmedabad,Office Supplies,Pens,Pens Model 2,50,6,0.0,300.0,65.27
ORD00572,2025-03-21,CUST0221,Customer 43,Delhi,New Delhi,Technology,Mobiles,Mobiles Model 1,12000,6,0.15,61200.0,4271.85
ORD00573,2024-03-20,CUST0238,Customer 182,Gujarat,Surat,Technology,Accessories,Accessories Model 2,500,1,0.15,425.0,48.65
ORD00574,2025-01-18,CUST0193,Customer 237,Karnataka,Bengaluru,Technology,Mobiles,Mobiles Model 3,18000,1,0.05,17100.0,2599.54
ORD00575,2024-07-16,CUST0087,Customer 201,Uttar Pradesh,Agra,Furniture,Office Furniture,Office Furniture Model 3,8000,7,0.1,50400.0,7085.6
ORD00576,2024-11-10,CUST0276,Customer 17,Uttar Pradesh,Varanasi,Office Supplies,Storage,Storage Model 3,1500,7,0.15,8925.0,1174.11
ORD00577,2024-03-21,CUST0039,Customer 36,Uttar Pradesh,Varanasi,Furniture,Office Furniture,Office Furniture Model 3,8000,5,0.25,30000.0,618.34
ORD00578,2024-07-14,CUST0152,Customer 14,Uttar Pradesh,Prayagraj,Office Supplies,Paper,Paper Model 2,800,4,0.15,2720.0,251.34
ORD00579,2024-11-30,CUST0288,Customer 252,Maharashtra,Pune,Office Supplies,Storage,Storage Model 2,800,6,0.15,4080.0,520.58
ORD00580,2024-03-16,CUST0148,Customer 213,Maharashtra,Nashik,Furniture,Chairs,Chairs Model 3,4500,3,0.05,12825.0,1208.47
ORD00581,2024-01-27,CUST0220,Customer 18,Maharashtra,Mumbai,Technology,Accessories,Accessories Model 3,3000,6,0.05,17100.0,3128.14
ORD00582,2025-02-05,CUST0038,Customer 201,Rajasthan,Jaipur,Furniture,Office Furniture,Office Furniture Model 4,13000,7,0.15,77350.0,5308.94
ORD00583,2025-02-15,CUST0204,Customer 194,Maharashtra,Nagpur,Furniture,Tables,Tables Model 1,8000,4,0.15,27200.0,1506.73
ORD00584,2025-04-07,CUST0088,Customer 217,Gujarat,Surat,Technology,Printers,Printers Model 4,7000,6,0.0,42000.0,8529.28
ORD00585,2025-03-25,CUST0074,Customer 108,Maharashtra,Mumbai,Technology,Mobiles,Mobiles Model 1,35000,2,0.0,70000.0,12748.96
ORD00586,2024-04-28,CUST0162,Customer 198,Tamil Nadu,Coimbatore,Furniture,Chairs,Chairs Model 3,7000,4,0.1,25200.0,3398.82
ORD00587,2025-02-19,CUST0003,Customer 214,Delhi,New Delhi,Office Supplies,Pens,Pens Model 2,100,4,0.15,340.0,43.92
ORD00588,2025-01-10,CUST0004,Customer 138,Rajasthan,Udaipur,Technology,Printers,Printers Model 1,22000,1,0.15,18700.0,2415.87
ORD00589,2025-04-30,CUST0004,Customer 152,Maharashtra,Mumbai,Technology,Accessories,Accessories Model 1,3000,2,0.0,6000.0,908.69
ORD00590,2024-02-25,CUST0108,Customer 296,Tamil Nadu,Chennai,Furniture,Chairs,Chairs Model 4,10000,6,0.1,54000.0,5169.05
ORD00591,2024-06-19,CUST0022,Customer 107,Uttar Pradesh,Agra,Furniture,Chairs,Chairs Model 4,10000,1,0.0,10000.0,1069.71
ORD00592,2024-01-13,CUST0297,Customer 181,West Bengal,Kolkata,Office Supplies,Storage,Storage Model 4,800,4,0.2,2560.0,222.97
ORD00593,2025-05-31,CUST0218,Customer 11,Gujarat,Ahmedabad,Office Supplies,Paper,Paper Model 1,800,6,0.1,4320.0,691.15
ORD00594,2025-08-09,CUST0237,Customer 66,West Bengal,Kolkata,Furniture,Tables,Tables Model 4,8000,3,0.0,24000.0,2539.79
ORD00595,2024-11-21,CUST0091,Customer 238,Tamil Nadu,Chennai,Furniture,Chairs,Chairs Model 2,4500,1,0.1,4050.0,343.47
ORD00596,2025-08-06,CUST0165,Customer 49,West Bengal,Durgapur,Office Supplies,Storage,Storage Model 1,3000,4,0.0,12000.0,2089.95
ORD00597,2025-10-11,CUST0079,Customer 170,Rajasthan,Jodhpur,Office Supplies,Paper,Paper Model 3,350,6,0.0,2100.0,461.87
ORD00598,2025-09-01,CUST0156,Customer 2,Delhi,New Delhi,Office Supplies,Pens,Pens Model 1,350,6,0.1,1890.0,364.59
ORD00599,2024-11-09,CUST0128,Customer 7,Gujarat,Ahmedabad,Technology,Laptops,Laptops Model 3,85000,5,0.0,425000.0,84693.13
ORD00600,2024-08-11,CUST0154,Customer 48,Uttar Pradesh,Agra,Technology,Laptops,Laptops Model 3,85000,2,0.25,127500.0,9580.44
ORD00601,2024-01-29,CUST0011,Customer 97,Uttar Pradesh,Lucknow,Office Supplies,Binders,Binders Model 1,300,3,0.1,810.0,163.19
ORD00602,2025-08-25,CUST0164,Customer 111,Tamil Nadu,Chennai,Office Supplies,Paper,Paper Model 3,500,6,0.25,2250.0,175.41
ORD00603,2025-12-03,CUST0051,Customer 210,Rajasthan,Jaipur,Furniture,Bookcases,Bookcases Model 3,14000,7,0.15,83300.0,6715.66
ORD00604,2024-07-07,CUST0010,Customer 114,Uttar Pradesh,Agra,Furniture,Chairs,Chairs Model 1,4500,2,0.1,8100.0,1072.32
ORD00605,2024-12-11,CUST0230,Customer 255,Maharashtra,Pune,Office Supplies,Pens,Pens Model 2,350,1,0.25,262.5,28.47
ORD00606,2024-09-15,CUST0047,Customer 13,Maharashtra,Nashik,Technology,Accessories,Accessories Model 3,3000,1,0.0,3000.0,579.79
ORD00607,2024-06-22,CUST0217,Customer 264,Delhi,New Delhi,Furniture,Chairs,Chairs Model 2,4500,3,0.2,10800.0,306.1
ORD00608,2025-03-23,CUST0248,Customer 276,Delhi,New Delhi,Office Supplies,Binders,Binders Model 1,900,3,0.15,2295.0,228.76
ORD00609,2025-08-14,CUST0292,Customer 84,Gujarat,Surat,Furniture,Chairs,Chairs Model 1,10000,1,0.0,10000.0,1620.19
ORD00610,2025-02-15,CUST0166,Customer 159,Uttar Pradesh,Agra,Technology,Accessories,Accessories Model 1,3000,5,0.0,15000.0,3261.27
ORD00611,2024-08-07,CUST0215,Customer 221,West Bengal,Kolkata,Furniture,Chairs,Chairs Model 3,7000,5,0.0,35000.0,5903.69
ORD00612,2024-03-13,CUST0129,Customer 87,Rajasthan,Udaipur,Office Supplies,Paper,Paper Model 3,350,6,0.05,1995.0,453.79
ORD00613,2025-08-21,CUST0002,Customer 204,Rajasthan,Jaipur,Technology,Accessories,Accessories Model 2,500,2,0.15,850.0,97.9
ORD00614,2024-04-26,CUST0116,Customer 237,Rajasthan,Udaipur,Office Supplies,Storage,Storage Model 1,800,1,0.1,720.0,136.43
ORD00615,2025-06-19,CUST0035,Customer 24,Gujarat,Vadodara,Office Supplies,Pens,Pens Model 3,350,6,0.15,1785.0,244.41
ORD00616,2025-12-05,CUST0218,Customer 115,Gujarat,Vadodara,Furniture,Tables,Tables Model 3,18000,7,0.15,107100.0,5533.24
ORD00617,2024-11-10,CUST0039,Customer 259,Karnataka,Bengaluru,Furniture,Tables,Tables Model 3,8000,2,0.05,15200.0,2192.03
ORD00618,2025-03-30,CUST0132,Customer 276,Maharashtra,Mumbai,Office Supplies,Paper,Paper Model 4,500,2,0.2,800.0,48.89
ORD00619,2025-03-14,CUST0217,Customer 80,Delhi,New Delhi,Office Supplies,Storage,Storage Model 1,800,4,0.05,3040.0,541.63
ORD00620,2024-12-22,CUST0181,Customer 164,Delhi,New Delhi,Office Supplies,Storage,Storage Model 3,1500,3,0.15,3825.0,499.5
ORD00621,2025-09-06,CUST0047,Customer 39,Uttar Pradesh,Prayagraj,Office Supplies,Binders,Binders Model 4,150,2,0.1,270.0,52.52
ORD00622,2025-07-14,CUST0101,Customer 2,Uttar Pradesh,Varanasi,Furniture,Office Furniture,Office Furniture Model 4,20000,3,0.2,48000.0,3293.15
ORD00623,2024-10-23,CUST0211,Customer 123,Rajasthan,Jodhpur,Furniture,Chairs,Chairs Model 3,4500,7,0.0,31500.0,4461.85
ORD00624,2025-01-23,CUST0106,Customer 32,Karnataka,Mysuru,Furniture,Chairs,Chairs Model 3,4500,7,0.0,31500.0,5177.71
ORD00625,2024-01-29,CUST0114,Customer 143,Tamil Nadu,Chennai,Office Supplies,Binders,Binders Model 1,150,1,0.1,135.0,21.02
ORD00626,2024-06-20,CUST0231,Customer 208,Maharashtra,Pune,Technology,Laptops,Laptops Model 4,55000,2,0.0,110000.0,21483.64
ORD00627,2025-07-23,CUST0112,Customer 196,Tamil Nadu,Chennai,Furniture,Tables,Tables Model 2,18000,6,0.0,108000.0,15540.44
ORD00628,2025-01-08,CUST0069,Customer 45,Delhi,New Delhi,Office Supplies,Storage,Storage Model 1,5000,4,0.15,17000.0,2522.08
ORD00629,2025-01-20,CUST0062,Customer 3,Tamil Nadu,Coimbatore,Office Supplies,Pens,Pens Model 2,100,4,0.15,340.0,41.18
ORD00630,2025-10-03,CUST0246,Customer 297,Rajasthan,Jaipur,Office Supplies,Pens,Pens Model 4,200,7,0.0,1400.0,279.59
ORD00631,2025-11-13,CUST0162,Customer 286,Rajasthan,Udaipur,Furniture,Tables,Tables Model 4,8000,5,0.2,32000.0,2700.87
ORD00632,2024-07-06,CUST0186,Customer 298,Uttar Pradesh,Kanpur,Office Supplies,Binders,Binders Model 1,300,5,0.05,1425.0,257.9
ORD00633,2025-09-17,CUST0255,Customer 30,West Bengal,Durgapur,Furniture,Bookcases,Bookcases Model 2,6500,2,0.0,13000.0,1837.82
ORD00634,2025-12-19,CUST0211,Customer 215,Gujarat,Ahmedabad,Office Supplies,Pens,Pens Model 4,350,1,0.15,297.5,44.55
ORD00635,2024-08-16,CUST0097,Customer 16,Tamil Nadu,Coimbatore,Furniture,Tables,Tables Model 3,18000,2,0.0,36000.0,6889.28
ORD00636,2025-11-19,CUST0282,Customer 133,West Bengal,Durgapur,Technology,Printers,Printers Model 1,11000,4,0.0,44000.0,7274.66
ORD00637,2025-11-18,CUST0241,Customer 134,Maharashtra,Mumbai,Technology,Accessories,Accessories Model 3,500,3,0.15,1275.0,126.53
ORD00638,2025-03-21,CUST0186,Customer 70,West Bengal,Durgapur,Technology,Mobiles,Mobiles Model 3,12000,4,0.05,45600.0,9121.86
ORD00639,2025-08-23,CUST0141,Customer 213,Karnataka,Mysuru,Office Supplies,Pens,Pens Model 4,200,6,0.1,1080.0,169.69
ORD00640,2024-08-13,CUST0051,Customer 186,Delhi,New Delhi,Office Supplies,Pens,Pens Model 1,200,4,0.1,720.0,101.86
ORD00641,2024-11-18,CUST0210,Customer 103,Delhi,New Delhi,Furniture,Bookcases,Bookcases Model 2,14000,3,0.15,35700.0,2991.93
ORD00642,2024-03-31,CUST0092,Customer 63,Maharashtra,Nashik,Furniture,Bookcases,Bookcases Model 1,6500,4,0.15,22100.0,590.44
ORD00643,2024-05-18,CUST0174,Customer 29,Delhi,New Delhi,Technology,Laptops,Laptops Model 2,45000,5,0.1,202500.0,26221.87
ORD00644,2024-07-10,CUST0160,Customer 64,Maharashtra,Pune,Technology,Accessories,Accessories Model 2,500,3,0.1,1350.0,117.91
ORD00645,2024-10-30,CUST0294,Customer 87,Maharashtra,Nashik,Technology,Mobiles,Mobiles Model 3,25000,2,0.25,37500.0,2789.15
ORD00646,2024-12-21,CUST0028,Customer 17,Uttar Pradesh,Lucknow,Furniture,Tables,Tables Model 3,8000,7,0.15,47600.0,4154.14
ORD00647,2024-03-09,CUST0085,Customer 267,Karnataka,Mysuru,Technology,Accessories,Accessories Model 4,1800,4,0.05,6840.0,1127.7
ORD00648,2025-11-07,CUST0115,Customer 220,Uttar Pradesh,Kanpur,Technology,Printers,Printers Model 3,7000,7,0.15,41650.0,4107.11
ORD00649,2025-01-23,CUST0180,Customer 20,Gujarat,Vadodara,Technology,Mobiles,Mobiles Model 4,12000,3,0.25,27000.0,1827.33
ORD00650,2025-03-29,CUST0169,Customer 225,Delhi,New Delhi,Technology,Mobiles,Mobiles Model 1,18000,1,0.15,15300.0,1689.88
ORD00651,2024-07-23,CUST0185,Customer 175,Gujarat,Ahmedabad,Office Supplies,Storage,Storage Model 4,800,1,0.25,600.0,37.64
ORD00652,2024-08-03,CUST0212,Customer 16,Uttar Pradesh,Prayagraj,Office Supplies,Pens,Pens Model 1,350,6,0.2,1680.0,186.23
ORD00653,2024-06-20,CUST0137,Customer 178,Uttar Pradesh,Prayagraj,Technology,Mobiles,Mobiles Model 3,12000,6,0.2,57600.0,3848.14
ORD00654,2024-07-26,CUST0169,Customer 280,Rajasthan,Udaipur,Office Supplies,Pens,Pens Model 4,50,7,0.05,332.5,64.67
ORD00655,2025-10-24,CUST0245,Customer 270,West Bengal,Durgapur,Office Supplies,Binders,Binders Model 1,900,7,0.1,5670.0,1005.97
ORD00656,2025-02-01,CUST0093,Customer 276,Gujarat,Ahmedabad,Office Supplies,Paper,Paper Model 3,200,3,0.25,450.0,27.66
ORD00657,2025-12-01,CUST0017,Customer 19,Gujarat,Ahmedabad,Furniture,Chairs,Chairs Model 2,7000,6,0.2,33600.0,1059.13
ORD00658,2024-12-09,CUST0011,Customer 218,Maharashtra,Nagpur,Furniture,Tables,Tables Model 4,5000,4,0.25,15000.0,625.04
ORD00659,2024-08-15,CUST0273,Customer 288,Uttar Pradesh,Lucknow,Technology,Printers,Printers Model 3,11000,6,0.1,59400.0,8177.93
ORD00660,2024-09-15,CUST0103,Customer 55,Maharashtra,Nashik,Technology,Laptops,Laptops Model 2,45000,4,0.15,153000.0,14697.96
ORD00661,2025-09-25,CUST0031,Customer 285,Gujarat,Surat,Office Supplies,Pens,Pens Model 3,50,2,0.2,80.0,6.86
ORD00662,2024-01-25,CUST0187,Customer 288,Uttar Pradesh,Lucknow,Furniture,Office Furniture,Office Furniture Model 4,13000,5,0.1,58500.0,6377.55
ORD00663,2024-08-22,CUST0267,Customer 287,Uttar Pradesh,Varanasi,Office Supplies,Paper,Paper Model 4,500,4,0.15,1700.0,173.12
ORD00664,2025-09-04,CUST0165,Customer 29,Karnataka,Bengaluru,Furniture,Bookcases,Bookcases Model 3,14000,7,0.05,93100.0,11717.6
ORD00665,2025-12-06,CUST0123,Customer 136,Gujarat,Surat,Technology,Printers,Printers Model 3,22000,4,0.15,74800.0,3451.2
ORD00666,2025-04-27,CUST0191,Customer 181,Karnataka,Bengaluru,Office Supplies,Binders,Binders Model 2,300,6,0.1,1620.0,362.6
ORD00667,2025-11-30,CUST0151,Customer 141,West Bengal,Durgapur,Technology,Accessories,Accessories Model 1,500,2,0.15,850.0,85.65
ORD00668,2025-10-19,CUST0243,Customer 241,Karnataka,Mysuru,Furniture,Chairs,Chairs Model 1,7000,3,0.0,21000.0,3075.7
ORD00669,2025-02-02,CUST0135,Customer 222,Uttar Pradesh,Kanpur,Technology,Mobiles,Mobiles Model 2,18000,3,0.2,43200.0,1031.39
ORD00670,2024-10-09,CUST0229,Customer 280,Tamil Nadu,Coimbatore,Technology,Printers,Printers Model 2,11000,3,0.0,33000.0,6588.11
ORD00671,2025-12-11,CUST0162,Customer 234,Uttar Pradesh,Kanpur,Furniture,Office Furniture,Office Furniture Model 1,13000,4,0.0,52000.0,7957.36
ORD00672,2025-10-09,CUST0106,Customer 118,Uttar Pradesh,Agra,Office Supplies,Pens,Pens Model 2,100,2,0.15,170.0,25.49
ORD00673,2025-03-16,CUST0293,Customer 226,Uttar Pradesh,Prayagraj,Furniture,Chairs,Chairs Model 1,2500,2,0.05,4750.0,418.4
ORD00674,2025-04-30,CUST0132,Customer 112,Maharashtra,Nashik,Technology,Mobiles,Mobiles Model 3,35000,7,0.15,208250.0,12752.45
ORD00675,2025-04-15,CUST0263,Customer 189,Gujarat,Surat,Office Supplies,Pens,Pens Model 4,200,7,0.1,1260.0,221.16
ORD00676,2024-06-21,CUST0234,Customer 281,Maharashtra,Pune,Furniture,Tables,Tables Model 1,18000,3,0.15,45900.0,4247.65
ORD00677,2024-10-10,CUST0213,Customer 123,West Bengal,Durgapur,Furniture,Bookcases,Bookcases Model 3,9500,3,0.0,28500.0,5056.29
ORD00678,2025-04-10,CUST0258,Customer 204,Karnataka,Bengaluru,Office Supplies,Pens,Pens Model 2,100,3,0.05,285.0,39.25
ORD00679,2025-12-14,CUST0226,Customer 236,Tamil Nadu,Chennai,Technology,Printers,Printers Model 1,16000,6,0.15,81600.0,6789.12
ORD00680,2025-04-24,CUST0155,Customer 257,Rajasthan,Jaipur,Furniture,Chairs,Chairs Model 3,4500,4,0.1,16200.0,2345.22
ORD00681,2024-03-27,CUST0242,Customer 199,Rajasthan,Jaipur,Furniture,Office Furniture,Office Furniture Model 1,8000,6,0.1,43200.0,3833.88
ORD00682,2024-05-31,CUST0278,Customer 139,Rajasthan,Jodhpur,Office Supplies,Paper,Paper Model 3,800,6,0.0,4800.0,992.81
ORD00683,2024-06-09,CUST0175,Customer 221,Rajasthan,Udaipur,Furniture,Chairs,Chairs Model 2,4500,6,0.1,24300.0,2968.91
ORD00684,2024-04-24,CUST0121,Customer 141,Maharashtra,Nashik,Technology,Laptops,Laptops Model 1,55000,5,0.0,275000.0,51667.31
ORD00685,2025-11-19,CUST0177,Customer 217,Gujarat,Ahmedabad,Furniture,Office Furniture,Office Furniture Model 2,8000,1,0.05,7600.0,1079.22
ORD00686,2025-01-19,CUST0056,Customer 118,Rajasthan,Jodhpur,Technology,Laptops,Laptops Model 2,55000,7,0.0,385000.0,72990.57
ORD00687,2024-03-20,CUST0135,Customer 22,Delhi,New Delhi,Technology,Printers,Printers Model 3,7000,4,0.15,23800.0,2135.25
ORD00688,2024-01-07,CUST0128,Customer 55,Delhi,New Delhi,Office Supplies,Binders,Binders Model 1,900,3,0.05,2565.0,572.5
ORD00689,2025-10-25,CUST0145,Customer 130,West Bengal,Durgapur,Office Supplies,Storage,Storage Model 1,800,2,0.25,1200.0,84.77
ORD00690,2025-04-07,CUST0033,Customer 276,Delhi,New Delhi,Furniture,Office Furniture,Office Furniture Model 4,20000,7,0.05,133000.0,16921.6
ORD00691,2025-10-29,CUST0299,Customer 99,Karnataka,Bengaluru,Technology,Printers,Printers Model 4,22000,6,0.05,125400.0,19852.35
ORD00692,2025-08-20,CUST0052,Customer 91,Karnataka,Bengaluru,Furniture,Bookcases,Bookcases Model 2,4000,7,0.05,26600.0,3858.0
ORD00693,2025-07-29,CUST0123,Customer 254,Rajasthan,Jaipur,Office Supplies,Storage,Storage Model 2,1500,3,0.05,4275.0,942.84
ORD00694,2025-09-08,CUST0100,Customer 90,Maharashtra,Nashik,Office Supplies,Storage,Storage Model 3,5000,6,0.1,27000.0,4328.99
ORD00695,2025-02-05,CUST0224,Customer 6,Maharashtra,Nashik,Office Supplies,Paper,Paper Model 3,200,7,0.1,1260.0,231.33
ORD00696,2024-07-28,CUST0144,Customer 96,Tamil Nadu,Chennai,Technology,Mobiles,Mobiles Model 2,35000,6,0.0,210000.0,36724.4
ORD00697,2024-05-12,CUST0279,Customer 137,Delhi,New Delhi,Technology,Accessories,Accessories Model 3,1000,1,0.1,900.0,120.02
ORD00698,2024-11-29,CUST0039,Customer 293,Tamil Nadu,Chennai,Furniture,Tables,Tables Model 2,18000,3,0.15,45900.0,4794.34
ORD00699,2025-10-08,CUST0118,Customer 189,Gujarat,Vadodara,Furniture,Chairs,Chairs Model 3,7000,6,0.15,35700.0,2408.92
ORD00700,2025-01-28,CUST0045,Customer 108,Delhi,New Delhi,Technology,Mobiles,Mobiles Model 1,35000,4,0.2,112000.0,6380.02
ORD00701,2025-11-17,CUST0290,Customer 145,Maharashtra,Pune,Office Supplies,Storage,Storage Model 3,3000,2,0.1,5400.0,921.24
ORD00702,2024-03-23,CUST0262,Customer 272,Uttar Pradesh,Prayagraj,Technology,Accessories,Accessories Model 3,1000,5,0.15,4250.0,564.29
ORD00703,2024-05-08,CUST0049,Customer 164,Delhi,New Delhi,Office Supplies,Storage,Storage Model 3,3000,1,0.05,2850.0,560.78
ORD00704,2025-08-27,CUST0094,Customer 225,Delhi,New Delhi,Office Supplies,Pens,Pens Model 1,200,7,0.1,1260.0,196.57
ORD00705,2024-03-20,CUST0290,Customer 159,Tamil Nadu,Coimbatore,Technology,Printers,Printers Model 3,16000,4,0.15,54400.0,4845.6
ORD00706,2024-07-14,CUST0029,Customer 194,Karnataka,Mysuru,Office Supplies,Binders,Binders Model 3,550,1,0.05,522.5,102.38
ORD00707,2024-10-23,CUST0203,Customer 61,Tamil Nadu,Chennai,Technology,Laptops,Laptops Model 1,85000,4,0.2,272000.0,26070.39
ORD00708,2024-11-19,CUST0186,Customer 113,Maharashtra,Mumbai,Technology,Mobiles,Mobiles Model 3,12000,3,0.1,32400.0,3719.96
ORD00709,2024-04-01,CUST0139,Customer 52,Gujarat,Ahmedabad,Technology,Accessories,Accessories Model 1,500,1,0.1,450.0,43.11
ORD00710,2025-10-18,CUST0086,Customer 153,Maharashtra,Mumbai,Office Supplies,Pens,Pens Model 1,200,6,0.15,1020.0,140.48
ORD00711,2025-10-27,CUST0167,Customer 161,Delhi,New Delhi,Office Supplies,Storage,Storage Model 4,1500,4,0.0,6000.0,1127.48
ORD00712,2025-06-03,CUST0275,Customer 66,Uttar Pradesh,Prayagraj,Furniture,Tables,Tables Model 4,8000,4,0.1,28800.0,3643.54
ORD00713,2025-01-11,CUST0152,Customer 239,West Bengal,Durgapur,Furniture,Tables,Tables Model 2,5000,3,0.15,12750.0,546.1
ORD00714,2025-04-21,CUST0296,Customer 177,Gujarat,Ahmedabad,Office Supplies,Storage,Storage Model 3,1500,4,0.05,5700.0,977.49
ORD00715,2024-08-03,CUST0043,Customer 23,Gujarat,Vadodara,Furniture,Bookcases,Bookcases Model 1,4000,2,0.0,8000.0,1221.43
ORD00716,2025-08-22,CUST0153,Customer 125,Uttar Pradesh,Lucknow,Technology,Mobiles,Mobiles Model 1,18000,2,0.15,30600.0,2158.44
ORD00717,2024-10-28,CUST0036,Customer 204,Delhi,New Delhi,Technology,Printers,Printers Model 4,11000,5,0.15,46750.0,5377.15
ORD00718,2024-05-20,CUST0146,Customer 184,Uttar Pradesh,Prayagraj,Furniture,Bookcases,Bookcases Model 3,9500,4,0.0,38000.0,6396.41
ORD00719,2024-07-16,CUST0056,Customer 203,Maharashtra,Nashik,Furniture,Chairs,Chairs Model 1,4500,4,0.15,15300.0,1229.12
ORD00720,2024-03-11,CUST0082,Customer 105,Delhi,New Delhi,Office Supplies,Binders,Binders Model 2,550,1,0.2,440.0,33.27
ORD00721,2025-04-11,CUST0213,Customer 148,Uttar Pradesh,Prayagraj,Furniture,Tables,Tables Model 3,8000,6,0.0,48000.0,7934.39
ORD00722,2024-10-12,CUST0280,Customer 270,West Bengal,Kolkata,Office Supplies,Pens,Pens Model 4,100,4,0.05,380.0,56.76
ORD00723,2024-11-16,CUST0075,Customer 163,Karnataka,Bengaluru,Technology,Accessories,Accessories Model 3,500,5,0.05,2375.0,438.83
ORD00724,2025-01-21,CUST0138,Customer 187,Maharashtra,Mumbai,Furniture,Tables,Tables Model 3,8000,4,0.15,27200.0,3595.78
ORD00725,2025-09-25,CUST0106,Customer 130,West Bengal,Durgapur,Office Supplies,Binders,Binders Model 4,900,2,0.15,1530.0,163.83
ORD00726,2025-07-14,CUST0129,Customer 73,Maharashtra,Nashik,Office Supplies,Storage,Storage Model 3,800,6,0.1,4320.0,860.04
ORD00727,2024-10-25,CUST0167,Customer 201,Maharashtra,Nagpur,Office Supplies,Storage,Storage Model 1,5000,1,0.05,4750.0,1016.25
ORD00728,2024-05-04,CUST0192,Customer 218,Uttar Pradesh,Agra,Furniture,Bookcases,Bookcases Model 1,9500,3,0.15,24225.0,1970.44
ORD00729,2025-10-05,CUST0077,Customer 89,West Bengal,Durgapur,Technology,Laptops,Laptops Model 2,55000,7,0.1,346500.0,34784.65
ORD00730,2025-06-23,CUST0035,Customer 125,Uttar Pradesh,Agra,Technology,Mobiles,Mobiles Model 4,12000,2,0.0,24000.0,4049.24
ORD00731,2025-07-06,CUST0215,Customer 71,West Bengal,Durgapur,Office Supplies,Storage,Storage Model 3,3000,3,0.1,8100.0,1432.81
ORD00732,2024-02-29,CUST0225,Customer 188,Uttar Pradesh,Prayagraj,Furniture,Chairs,Chairs Model 2,7000,2,0.25,10500.0,-327.31
ORD00733,2025-07-13,CUST0085,Customer 28,Uttar Pradesh,Varanasi,Office Supplies,Paper,Paper Model 2,350,4,0.05,1330.0,244.48
ORD00734,2025-06-24,CUST0127,Customer 10,West Bengal,Durgapur,Technology,Printers,Printers Model 3,22000,6,0.15,112200.0,13101.6
ORD00735,2025-06-29,CUST0110,Customer 33,Uttar Pradesh,Varanasi,Furniture,Chairs,Chairs Model 1,7000,4,0.05,26600.0,4165.54
ORD00736,2025-06-23,CUST0223,Customer 23,Gujarat,Ahmedabad,Technology,Printers,Printers Model 1,7000,1,0.15,5950.0,507.25
ORD00737,2024-11-15,CUST0287,Customer 81,Maharashtra,Nagpur,Technology,Mobiles,Mobiles Model 1,18000,3,0.15,45900.0,5134.51
ORD00738,2025-04-23,CUST0020,Customer 48,West Bengal,Durgapur,Office Supplies,Paper,Paper Model 3,350,5,0.0,1750.0,289.34
ORD00739,2025-04-02,CUST0290,Customer 43,Delhi,New Delhi,Technology,Printers,Printers Model 4,11000,2,0.2,17600.0,1162.9
ORD00740,2024-01-01,CUST0245,Customer 72,West Bengal,Durgapur,Technology,Mobiles,Mobiles Model 2,18000,2,0.0,36000.0,8148.07
ORD00741,2024-05-18,CUST0117,Customer 299,Tamil Nadu,Chennai,Furniture,Office Furniture,Office Furniture Model 4,13000,6,0.1,70200.0,5152.56
ORD00742,2024-04-24,CUST0159,Customer 42,Tamil Nadu,Chennai,Furniture,Tables,Tables Model 2,8000,2,0.1,14400.0,1281.36
ORD00743,2025-04-21,CUST0153,Customer 104,Maharashtra,Mumbai,Furniture,Tables,Tables Model 4,8000,7,0.25,42000.0,633.0
ORD00744,2025-11-11,CUST0023,Customer 47,Rajasthan,Udaipur,Technology,Mobiles,Mobiles Model 1,25000,7,0.0,175000.0,32153.37
ORD00745,2025-11-24,CUST0297,Customer 112,Delhi,New Delhi,Technology,Printers,Printers Model 1,22000,5,0.1,99000.0,12889.94
ORD00746,2025-01-16,CUST0138,Customer 270,Uttar Pradesh,Varanasi,Technology,Laptops,Laptops Model 1,45000,2,0.05,85500.0,11493.06
ORD00747,2024-09-26,CUST0031,Customer 104,Maharashtra,Mumbai,Office Supplies,Pens,Pens Model 2,200,5,0.1,900.0,176.84
ORD00748,2024-01-03,CUST0236,Customer 228,Uttar Pradesh,Varanasi,Furniture,Bookcases,Bookcases Model 1,9500,4,0.15,32300.0,2110.55
ORD00749,2024-04-19,CUST0203,Customer 136,West Bengal,Kolkata,Furniture,Tables,Tables Model 1,18000,5,0.0,90000.0,13969.08
ORD00750,2025-05-22,CUST0139,Customer 205,Rajasthan,Jodhpur,Furniture,Office Furniture,Office Furniture Model 4,30000,3,0.05,85500.0,11755.5
ORD00751,2025-12-23,CUST0077,Customer 77,Rajasthan,Jaipur,Office Supplies,Storage,Storage Model 2,1500,2,0.0,3000.0,582.28
ORD00752,2024-05-21,CUST0084,Customer 143,Maharashtra,Mumbai,Furniture,Tables,Tables Model 2,5000,2,0.1,9000.0,809.22
ORD00753,2024-02-12,CUST0264,Customer 244,Gujarat,Ahmedabad,Office Supplies,Binders,Binders Model 1,300,3,0.25,675.0,44.42
ORD00754,2025-07-14,CUST0246,Customer 289,Uttar Pradesh,Prayagraj,Office Supplies,Binders,Binders Model 4,550,5,0.05,2612.5,552.19
ORD00755,2024-07-17,CUST0271,Customer 234,Tamil Nadu,Coimbatore,Furniture,Bookcases,Bookcases Model 4,6500,7,0.2,36400.0,2736.58
ORD00756,2025-12-02,CUST0052,Customer 88,Gujarat,Surat,Furniture,Chairs,Chairs Model 2,10000,3,0.05,28500.0,2630.13
ORD00757,2024-03-01,CUST0008,Customer 272,Uttar Pradesh,Varanasi,Furniture,Chairs,Chairs Model 4,2500,6,0.05,14250.0,2120.75
ORD00758,2024-10-18,CUST0210,Customer 67,Maharashtra,Mumbai,Office Supplies,Pens,Pens Model 1,100,3,0.0,300.0,65.43
ORD00759,2024-12-14,CUST0271,Customer 111,Rajasthan,Udaipur,Furniture,Bookcases,Bookcases Model 1,9500,3,0.2,22800.0,521.41
ORD00760,2025-10-03,CUST0023,Customer 279,Uttar Pradesh,Prayagraj,Office Supplies,Paper,Paper Model 3,200,2,0.05,380.0,84.78
ORD00761,2024-02-20,CUST0141,Customer 168,Uttar Pradesh,Lucknow,Office Supplies,Pens,Pens Model 3,350,4,0.05,1330.0,227.1
ORD00762,2025-10-01,CUST0105,Customer 10,Delhi,New Delhi,Technology,Printers,Printers Model 2,22000,1,0.0,22000.0,4563.46
ORD00763,2025-06-20,CUST0268,Customer 281,Maharashtra,Pune,Furniture,Office Furniture,Office Furniture Model 3,30000,6,0.05,171000.0,28207.69
ORD00764,2025-11-19,CUST0014,Customer 257,Gujarat,Ahmedabad,Technology,Mobiles,Mobiles Model 3,12000,3,0.15,30600.0,1212.94
ORD00765,2024-10-15,CUST0014,Customer 257,Uttar Pradesh,Kanpur,Office Supplies,Paper,Paper Model 1,500,3,0.1,1350.0,187.46
ORD00766,2024-08-08,CUST0152,Customer 111,Delhi,New Delhi,Furniture,Bookcases,Bookcases Model 2,9500,4,0.1,34200.0,3226.55
ORD00767,2024-07-10,CUST0160,Customer 207,Gujarat,Vadodara,Furniture,Tables,Tables Model 3,8000,3,0.1,21600.0,1957.68
ORD00768,2024-01-15,CUST0266,Customer 297,Delhi,New Delhi,Technology,Accessories,Accessories Model 4,500,3,0.15,1275.0,125.12
ORD00769,2024-07-28,CUST0294,Customer 231,Tamil Nadu,Chennai,Office Supplies,Storage,Storage Model 1,800,7,0.1,5040.0,977.8
ORD00770,2024-11-30,CUST0031,Customer 135,Karnataka,Mysuru,Technology,Mobiles,Mobiles Model 4,25000,2,0.05,47500.0,7623.5
ORD00771,2025-12-25,CUST0101,Customer 56,Uttar Pradesh,Varanasi,Furniture,Chairs,Chairs Model 3,10000,6,0.05,57000.0,7430.78
ORD00772,2024-11-12,CUST0168,Customer 300,Maharashtra,Nagpur,Technology,Mobiles,Mobiles Model 1,35000,7,0.2,196000.0,10489.04
ORD00773,2025-08-24,CUST0072,Customer 30,West Bengal,Kolkata,Furniture,Tables,Tables Model 1,18000,6,0.05,102600.0,13569.79
ORD00774,2025-11-28,CUST0131,Customer 291,Uttar Pradesh,Varanasi,Office Supplies,Paper,Paper Model 1,500,7,0.15,2975.0,397.62
ORD00775,2024-03-23,CUST0225,Customer 223,Uttar Pradesh,Prayagraj,Technology,Laptops,Laptops Model 3,70000,6,0.1,378000.0,45133.46
ORD00776,2024-08-31,CUST0073,Customer 26,Maharashtra,Pune,Technology,Mobiles,Mobiles Model 3,25000,6,0.1,135000.0,15225.71
ORD00777,2024-09-09,CUST0013,Customer 299,Karnataka,Bengaluru,Office Supplies,Paper,Paper Model 4,500,5,0.2,2000.0,135.91
ORD00778,2024-08-25,CUST0082,Customer 273,Karnataka,Bengaluru,Office Supplies,Binders,Binders Model 3,900,2,0.25,1350.0,101.4
ORD00779,2025-03-08,CUST0198,Customer 282,Tamil Nadu,Chennai,Office Supplies,Paper,Paper Model 4,350,1,0.25,262.5,10.3
ORD00780,2025-12-08,CUST0297,Customer 165,Karnataka,Bengaluru,Furniture,Tables,Tables Model 1,5000,7,0.2,28000.0,2053.72
ORD00781,2024-07-17,CUST0211,Customer 287,West Bengal,Durgapur,Technology,Accessories,Accessories Model 4,1800,2,0.2,2880.0,195.51
ORD00782,2025-07-03,CUST0169,Customer 283,Delhi,New Delhi,Office Supplies,Binders,Binders Model 1,550,5,0.1,2475.0,292.24
ORD00783,2025-08-24,CUST0280,Customer 221,Gujarat,Ahmedabad,Technology,Accessories,Accessories Model 3,1800,1,0.25,1350.0,109.09
ORD00784,2024-05-03,CUST0010,Customer 187,Karnataka,Mysuru,Furniture,Office Furniture,Office Furniture Model 2,20000,1,0.1,18000.0,672.62
ORD00785,2025-10-28,CUST0165,Customer 222,Maharashtra,Nashik,Technology,Mobiles,Mobiles Model 3,18000,2,0.15,30600.0,3032.56
ORD00786,2024-11-01,CUST0074,Customer 187,Rajasthan,Udaipur,Furniture,Chairs,Chairs Model 4,10000,5,0.1,45000.0,3930.08
ORD00787,2025-12-26,CUST0056,Customer 287,Gujarat,Vadodara,Office Supplies,Paper,Paper Model 1,200,3,0.05,570.0,104.64
ORD00788,2024-10-14,CUST0226,Customer 64,Uttar Pradesh,Kanpur,Furniture,Tables,Tables Model 4,12000,2,0.05,22800.0,3499.56
ORD00789,2025-02-13,CUST0059,Customer 297,Uttar Pradesh,Varanasi,Office Supplies,Binders,Binders Model 1,900,5,0.15,3825.0,649.61
ORD00790,2025-12-28,CUST0089,Customer 281,Gujarat,Ahmedabad,Office Supplies,Paper,Paper Model 3,800,1,0.05,760.0,183.35
ORD00791,2024-12-31,CUST0061,Customer 273,Rajasthan,Jodhpur,Office Supplies,Paper,Paper Model 3,800,3,0.1,2160.0,307.65
ORD00792,2024-02-15,CUST0170,Customer 271,Rajasthan,Jodhpur,Office Supplies,Paper,Paper Model 2,800,1,0.0,800.0,182.78
ORD00793,2025-12-13,CUST0214,Customer 204,West Bengal,Kolkata,Furniture,Tables,Tables Model 4,5000,6,0.15,25500.0,1494.5
ORD00794,2024-03-01,CUST0186,Customer 31,Gujarat,Ahmedabad,Furniture,Bookcases,Bookcases Model 2,9500,3,0.15,24225.0,1178.48
ORD00795,2025-09-22,CUST0017,Customer 227,Uttar Pradesh,Lucknow,Technology,Accessories,Accessories Model 1,500,6,0.25,2250.0,97.28
ORD00796,2025-09-16,CUST0035,Customer 132,Delhi,New Delhi,Furniture,Bookcases,Bookcases Model 4,9500,3,0.05,27075.0,2532.72
ORD00797,2025-05-18,CUST0156,Customer 168,Uttar Pradesh,Agra,Technology,Printers,Printers Model 3,11000,1,0.25,8250.0,411.52
ORD00798,2024-12-29,CUST0072,Customer 126,Maharashtra,Mumbai,Office Supplies,Pens,Pens Model 1,350,3,0.15,892.5,117.4
ORD00799,2025-07-19,CUST0104,Customer 61,Gujarat,Ahmedabad,Technology,Printers,Printers Model 3,11000,4,0.05,41800.0,7571.97
ORD00800,2025-01-18,CUST0287,Customer 176,Gujarat,Surat,Furniture,Bookcases,Bookcases Model 1,6500,3,0.05,18525.0,2798.73
ORD00801,2024-01-23,CUST0054,Customer 254,West Bengal,Kolkata,Furniture,Chairs,Chairs Model 3,10000,3,0.0,30000.0,5197.78
ORD00802,2024-03-30,CUST0045,Customer 257,Maharashtra,Nashik,Furniture,Bookcases,Bookcases Model 2,14000,7,0.0,98000.0,11106.62
ORD00803,2024-03-08,CUST0028,Customer 116,Karnataka,Bengaluru,Office Supplies,Pens,Pens Model 4,200,5,0.05,950.0,189.34
ORD00804,2024-07-02,CUST0023,Customer 274,Delhi,New Delhi,Furniture,Chairs,Chairs Model 4,7000,2,0.15,11900.0,535.82
ORD00805,2025-02-20,CUST0100,Customer 189,Maharashtra,Nashik,Technology,Accessories,Accessories Model 3,3000,1,0.2,2400.0,128.57
ORD00806,2025-01-21,CUST0233,Customer 151,Karnataka,Mysuru,Technology,Mobiles,Mobiles Model 2,25000,1,0.05,23750.0,3207.6
ORD00807,2025-03-26,CUST0244,Customer 61,Uttar Pradesh,Agra,Technology,Laptops,Laptops Model 2,45000,2,0.05,85500.0,15136.78
ORD00808,2024-05-23,CUST0055,Customer 161,Maharashtra,Pune,Furniture,Tables,Tables Model 1,5000,3,0.1,13500.0,1375.28
ORD00809,2025-11-29,CUST0052,Customer 87,West Bengal,Durgapur,Technology,Accessories,Accessories Model 1,3000,6,0.15,15300.0,1407.83
ORD00810,2024-11-22,CUST0191,Customer 189,Rajasthan,Jaipur,Office Supplies,Paper,Paper Model 4,200,3,0.2,480.0,53.04
ORD00811,2024-05-11,CUST0121,Customer 197,Uttar Pradesh,Prayagraj,Office Supplies,Storage,Storage Model 1,3000,1,0.2,2400.0,302.75
ORD00812,2024-07-18,CUST0276,Customer 16,West Bengal,Durgapur,Office Supplies,Storage,Storage Model 3,1500,2,0.1,2700.0,371.31
ORD00813,2025-10-04,CUST0115,Customer 218,Tamil Nadu,Chennai,Office Supplies,Binders,Binders Model 3,300,6,0.05,1710.0,398.35
ORD00814,2025-02-11,CUST0141,Customer 199,Gujarat,Vadodara,Office Supplies,Binders,Binders Model 2,150,3,0.15,382.5,55.66
ORD00815,2025-04-12,CUST0072,Customer 298,Maharashtra,Mumbai,Technology,Accessories,Accessories Model 2,1800,1,0.2,1440.0,135.77
ORD00816,2025-05-04,CUST0221,Customer 17,Karnataka,Bengaluru,Technology,Mobiles,Mobiles Model 3,18000,4,0.25,54000.0,3208.3
ORD00817,2025-02-24,CUST0121,Customer 173,West Bengal,Durgapur,Office Supplies,Storage,Storage Model 3,3000,3,0.1,8100.0,1572.94
ORD00818,2024-01-31,CUST0268,Customer 11,Maharashtra,Nashik,Office Supplies,Storage,Storage Model 2,3000,5,0.0,15000.0,3300.72
ORD00819,2025-08-14,CUST0192,Customer 190,Karnataka,Mysuru,Technology,Printers,Printers Model 2,11000,3,0.25,24750.0,1963.8
ORD00820,2025-10-22,CUST0278,Customer 265,Maharashtra,Nashik,Office Supplies,Storage,Storage Model 3,5000,1,0.15,4250.0,677.03
ORD00821,2025-05-31,CUST0080,Customer 274,Rajasthan,Udaipur,Furniture,Chairs,Chairs Model 1,10000,2,0.2,16000.0,205.67
ORD00822,2024-11-20,CUST0183,Customer 168,Tamil Nadu,Chennai,Office Supplies,Paper,Paper Model 4,500,2,0.25,750.0,101.52
ORD00823,2024-02-07,CUST0135,Customer 235,Uttar Pradesh,Varanasi,Furniture,Chairs,Chairs Model 3,4500,5,0.15,19125.0,1514.68
ORD00824,2025-08-10,CUST0145,Customer 229,Maharashtra,Nashik,Office Supplies,Binders,Binders Model 2,550,4,0.15,1870.0,202.41
ORD00825,2025-03-15,CUST0210,Customer 29,Tamil Nadu,Chennai,Technology,Printers,Printers Model 1,22000,1,0.15,18700.0,2441.03
ORD00826,2024-01-23,CUST0094,Customer 242,West Bengal,Durgapur,Technology,Printers,Printers Model 2,11000,3,0.2,26400.0,1112.35
ORD00827,2025-12-21,CUST0215,Customer 100,Rajasthan,Udaipur,Furniture,Tables,Tables Model 1,5000,1,0.1,4500.0,346.07
ORD00828,2024-06-19,CUST0136,Customer 59,Delhi,New Delhi,Office Supplies,Storage,Storage Model 4,1500,5,0.2,6000.0,583.16
ORD00829,2025-08-03,CUST0069,Customer 81,West Bengal,Durgapur,Office Supplies,Paper,Paper Model 3,200,1,0.15,170.0,23.84
ORD00830,2024-07-25,CUST0077,Customer 288,Maharashtra,Pune,Technology,Printers,Printers Model 1,11000,2,0.2,17600.0,1048.77
ORD00831,2025-05-02,CUST0131,Customer 67,Gujarat,Surat,Office Supplies,Binders,Binders Model 4,900,2,0.25,1350.0,48.82
ORD00832,2025-03-02,CUST0296,Customer 220,Gujarat,Vadodara,Furniture,Bookcases,Bookcases Model 1,6500,7,0.05,43225.0,5513.53
ORD00833,2025-05-31,CUST0078,Customer 91,Karnataka,Bengaluru,Office Supplies,Pens,Pens Model 3,50,1,0.1,45.0,8.44
ORD00834,2024-08-10,CUST0009,Customer 53,Gujarat,Vadodara,Technology,Accessories,Accessories Model 2,3000,6,0.1,16200.0,1617.06
ORD00835,2024-11-01,CUST0124,Customer 19,Maharashtra,Nagpur,Technology,Mobiles,Mobiles Model 2,35000,7,0.25,183750.0,9023.3
ORD00836,2025-03-10,CUST0107,Customer 188,Uttar Pradesh,Agra,Office Supplies,Binders,Binders Model 4,550,3,0.15,1402.5,191.43
ORD00837,2025-09-15,CUST0300,Customer 56,Gujarat,Vadodara,Technology,Mobiles,Mobiles Model 2,35000,7,0.15,208250.0,17243.85
ORD00838,2024-07-07,CUST0066,Customer 298,West Bengal,Durgapur,Office Supplies,Binders,Binders Model 1,300,1,0.0,300.0,67.73
ORD00839,2024-12-10,CUST0018,Customer 70,Rajasthan,Jaipur,Furniture,Office Furniture,Office Furniture Model 1,20000,4,0.1,72000.0,10221.92
ORD00840,2025-12-11,CUST0017,Customer 288,Gujarat,Vadodara,Technology,Laptops,Laptops Model 3,70000,4,0.2,224000.0,19712.45
ORD00841,2025-11-05,CUST0202,Customer 101,West Bengal,Kolkata,Technology,Accessories,Accessories Model 3,1000,6,0.15,5100.0,394.97
ORD00842,2025-03-06,CUST0040,Customer 7,West Bengal,Kolkata,Furniture,Tables,Tables Model 2,8000,4,0.2,25600.0,289.82
ORD00843,2024-09-16,CUST0234,Customer 3,Delhi,New Delhi,Technology,Mobiles,Mobiles Model 1,12000,5,0.1,54000.0,4755.22
ORD00844,2025-04-25,CUST0144,Customer 24,Tamil Nadu,Chennai,Technology,Mobiles,Mobiles Model 2,25000,1,0.05,23750.0,3774.83
ORD00845,2024-06-03,CUST0231,Customer 225,Delhi,New Delhi,Office Supplies,Pens,Pens Model 4,50,5,0.25,187.5,15.67
ORD00846,2024-08-22,CUST0107,Customer 191,Delhi,New Delhi,Furniture,Bookcases,Bookcases Model 4,6500,1,0.15,5525.0,144.65
ORD00847,2025-03-07,CUST0160,Customer 84,Maharashtra,Mumbai,Furniture,Bookcases,Bookcases Model 2,6500,5,0.2,26000.0,-281.05
ORD00848,2024-03-26,CUST0062,Customer 206,Delhi,New Delhi,Technology,Mobiles,Mobiles Model 1,25000,7,0.1,157500.0,14992.37
ORD00849,2024-05-23,CUST0146,Customer 164,Delhi,New Delhi,Technology,Laptops,Laptops Model 3,70000,2,0.15,119000.0,10246.36
ORD00850,2025-12-06,CUST0234,Customer 183,Uttar Pradesh,Varanasi,Office Supplies,Pens,Pens Model 4,350,3,0.1,945.0,169.51
ORD00851,2024-12-29,CUST0202,Customer 146,Maharashtra,Mumbai,Office Supplies,Pens,Pens Model 2,200,2,0.0,400.0,73.25
ORD00852,2024-01-03,CUST0194,Customer 110,Tamil Nadu,Chennai,Technology,Printers,Printers Model 4,16000,7,0.25,84000.0,5717.28
ORD00853,2025-04-27,CUST0031,Customer 205,Uttar Pradesh,Prayagraj,Technology,Laptops,Laptops Model 4,55000,6,0.15,280500.0,27546.51
ORD00854,2024-06-11,CUST0173,Customer 35,Karnataka,Mysuru,Furniture,Tables,Tables Model 3,5000,6,0.05,28500.0,2842.7
ORD00855,2024-11-28,CUST0127,Customer 193,Karnataka,Bengaluru,Office Supplies,Storage,Storage Model 3,800,4,0.1,2880.0,553.46
ORD00856,2025-11-26,CUST0038,Customer 139,Tamil Nadu,Coimbatore,Technology,Accessories,Accessories Model 3,3000,7,0.2,16800.0,891.68
ORD00857,2025-04-25,CUST0051,Customer 81,Gujarat,Ahmedabad,Office Supplies,Paper,Paper Model 4,200,5,0.1,900.0,197.54
ORD00858,2024-12-21,CUST0197,Customer 109,Maharashtra,Mumbai,Technology,Laptops,Laptops Model 3,85000,1,0.0,85000.0,14423.4
ORD00859,2024-05-30,CUST0240,Customer 266,Tamil Nadu,Chennai,Technology,Accessories,Accessories Model 3,1800,5,0.1,8100.0,934.27
ORD00860,2025-05-08,CUST0157,Customer 258,Rajasthan,Jaipur,Technology,Laptops,Laptops Model 4,85000,5,0.15,361250.0,15305.31
ORD00861,2025-06-19,CUST0244,Customer 128,Tamil Nadu,Chennai,Technology,Accessories,Accessories Model 4,1000,3,0.2,2400.0,196.76
ORD00862,2024-10-19,CUST0222,Customer 115,Gujarat,Ahmedabad,Technology,Mobiles,Mobiles Model 2,12000,2,0.25,18000.0,1421.85
ORD00863,2025-04-07,CUST0127,Customer 197,Maharashtra,Nagpur,Office Supplies,Pens,Pens Model 3,50,1,0.25,37.5,3.85
ORD00864,2025-11-05,CUST0061,Customer 264,Maharashtra,Nagpur,Furniture,Office Furniture,Office Furniture Model 4,30000,2,0.05,57000.0,8266.01
ORD00865,2025-03-10,CUST0196,Customer 249,Karnataka,Bengaluru,Office Supplies,Paper,Paper Model 4,500,2,0.1,900.0,151.02
ORD00866,2024-09-05,CUST0279,Customer 276,Rajasthan,Jaipur,Office Supplies,Binders,Binders Model 3,150,1,0.25,112.5,10.42
ORD00867,2024-05-07,CUST0200,Customer 31,Maharashtra,Nashik,Office Supplies,Binders,Binders Model 1,300,4,0.2,960.0,118.47
ORD00868,2024-12-26,CUST0162,Customer 61,Maharashtra,Nashik,Office Supplies,Binders,Binders Model 3,550,4,0.1,1980.0,205.35
ORD00869,2025-05-08,CUST0082,Customer 10,West Bengal,Kolkata,Office Supplies,Storage,Storage Model 4,1500,3,0.05,4275.0,841.94
ORD00870,2025-05-22,CUST0033,Customer 62,Gujarat,Vadodara,Office Supplies,Storage,Storage Model 2,1500,2,0.15,2550.0,335.58
ORD00871,2024-01-01,CUST0136,Customer 196,West Bengal,Kolkata,Technology,Printers,Printers Model 4,16000,6,0.0,96000.0,19616.08
ORD00872,2024-01-21,CUST0105,Customer 66,Rajasthan,Jodhpur,Furniture,Bookcases,Bookcases Model 4,14000,4,0.25,42000.0,1180.09
ORD00873,2025-09-28,CUST0087,Customer 41,Delhi,New Delhi,Technology,Laptops,Laptops Model 4,55000,7,0.1,346500.0,56943.81
ORD00874,2025-05-21,CUST0017,Customer 265,Maharashtra,Pune,Office Supplies,Binders,Binders Model 3,300,5,0.25,1125.0,76.62
ORD00875,2024-08-08,CUST0262,Customer 259,West Bengal,Kolkata,Office Supplies,Storage,Storage Model 3,800,7,0.15,4760.0,634.07
ORD00876,2024-11-27,CUST0072,Customer 235,Uttar Pradesh,Agra,Office Supplies,Pens,Pens Model 1,350,3,0.2,840.0,115.47
ORD00877,2025-03-02,CUST0042,Customer 110,West Bengal,Kolkata,Office Supplies,Paper,Paper Model 2,800,2,0.15,1360.0,161.13
ORD00878,2025-02-12,CUST0112,Customer 274,Delhi,New Delhi,Technology,Accessories,Accessories Model 1,3000,3,0.05,8550.0,1384.11
ORD00879,2025-01-27,CUST0204,Customer 258,Tamil Nadu,Chennai,Technology,Laptops,Laptops Model 4,45000,7,0.0,315000.0,53820.29
ORD00880,2024-09-21,CUST0093,Customer 150,Gujarat,Surat,Furniture,Office Furniture,Office Furniture Model 2,8000,3,0.1,21600.0,2324.31
ORD00881,2025-03-29,CUST0191,Customer 187,Delhi,New Delhi,Office Supplies,Paper,Paper Model 2,200,3,0.0,600.0,158.78
ORD00882,2025-01-10,CUST0179,Customer 180,Maharashtra,Mumbai,Technology,Mobiles,Mobiles Model 1,35000,3,0.25,78750.0,4208.23
ORD00883,2024-10-23,CUST0081,Customer 175,Delhi,New Delhi,Office Supplies,Binders,Binders Model 3,300,3,0.25,675.0,52.04
ORD00884,2024-10-08,CUST0119,Customer 134,Uttar Pradesh,Kanpur,Technology,Laptops,Laptops Model 3,45000,4,0.15,153000.0,11029.29
ORD00885,2024-09-09,CUST0122,Customer 10,Tamil Nadu,Chennai,Office Supplies,Paper,Paper Model 4,200,7,0.0,1400.0,292.61
ORD00886,2025-12-12,CUST0216,Customer 205,Uttar Pradesh,Lucknow,Office Supplies,Binders,Binders Model 2,300,1,0.1,270.0,40.53
ORD00887,2024-12-11,CUST0001,Customer 217,Maharashtra,Nashik,Furniture,Office Furniture,Office Furniture Model 2,20000,3,0.25,45000.0,313.82
ORD00888,2024-01-12,CUST0212,Customer 282,Maharashtra,Pune,Office Supplies,Pens,Pens Model 4,350,5,0.2,1400.0,121.89
ORD00889,2024-09-27,CUST0227,Customer 25,Gujarat,Surat,Office Supplies,Paper,Paper Model 2,200,2,0.2,320.0,31.21
ORD00890,2025-08-05,CUST0121,Customer 253,Maharashtra,Nagpur,Office Supplies,Pens,Pens Model 2,350,7,0.05,2327.5,409.06
ORD00891,2024-11-17,CUST0054,Customer 197,Gujarat,Surat,Furniture,Chairs,Chairs Model 3,4500,5,0.0,22500.0,4041.57
ORD00892,2025-05-22,CUST0222,Customer 274,Maharashtra,Mumbai,Furniture,Bookcases,Bookcases Model 3,14000,7,0.25,73500.0,-1415.44
ORD00893,2025-07-21,CUST0126,Customer 159,Maharashtra,Nashik,Furniture,Tables,Tables Model 4,18000,1,0.25,13500.0,596.9
ORD00894,2025-04-04,CUST0233,Customer 182,Delhi,New Delhi,Office Supplies,Pens,Pens Model 4,200,7,0.1,1260.0,223.38
ORD00895,2025-10-10,CUST0237,Customer 265,West Bengal,Kolkata,Technology,Mobiles,Mobiles Model 1,12000,4,0.15,40800.0,1220.58
ORD00896,2025-06-08,CUST0255,Customer 85,Uttar Pradesh,Kanpur,Technology,Mobiles,Mobiles Model 3,25000,5,0.1,112500.0,15016.94
ORD00897,2025-09-09,CUST0137,Customer 190,Tamil Nadu,Coimbatore,Office Supplies,Storage,Storage Model 1,800,5,0.2,3200.0,273.92
ORD00898,2025-12-20,CUST0115,Customer 195,Rajasthan,Udaipur,Technology,Laptops,Laptops Model 4,55000,6,0.25,247500.0,14615.89
ORD00899,2025-04-19,CUST0058,Customer 63,Gujarat,Vadodara,Technology,Laptops,Laptops Model 2,55000,3,0.1,148500.0,21307.56
ORD00900,2024-04-03,CUST0152,Customer 40,Delhi,New Delhi,Technology,Mobiles,Mobiles Model 4,35000,1,0.1,31500.0,3618.02
ORD00901,2025-08-06,CUST0017,Customer 57,Delhi,New Delhi,Office Supplies,Binders,Binders Model 1,300,5,0.1,1350.0,216.23
ORD00902,2025-07-12,CUST0134,Customer 108,Gujarat,Ahmedabad,Technology,Accessories,Accessories Model 2,500,1,0.15,425.0,57.07
ORD00903,2024-08-22,CUST0041,Customer 181,Karnataka,Mysuru,Furniture,Tables,Tables Model 4,12000,4,0.2,38400.0,209.82
ORD00904,2025-08-14,CUST0134,Customer 213,Delhi,New Delhi,Furniture,Chairs,Chairs Model 4,10000,1,0.1,9000.0,904.7
ORD00905,2025-11-27,CUST0207,Customer 99,Rajasthan,Jodhpur,Office Supplies,Paper,Paper Model 2,500,6,0.0,3000.0,806.08
ORD00906,2024-08-30,CUST0018,Customer 77,Delhi,New Delhi,Technology,Accessories,Accessories Model 3,3000,3,0.05,8550.0,1251.2
ORD00907,2024-12-29,CUST0179,Customer 238,Uttar Pradesh,Kanpur,Technology,Laptops,Laptops Model 2,70000,4,0.15,238000.0,16934.76
ORD00908,2025-11-06,CUST0168,Customer 221,Gujarat,Surat,Office Supplies,Pens,Pens Model 4,200,1,0.0,200.0,49.13
ORD00909,2025-10-07,CUST0037,Customer 53,Karnataka,Bengaluru,Furniture,Tables,Tables Model 2,12000,5,0.2,48000.0,3171.04
ORD00910,2025-12-27,CUST0219,Customer 90,Uttar Pradesh,Prayagraj,Furniture,Chairs,Chairs Model 4,7000,4,0.1,25200.0,2110.28
ORD00911,2024-01-26,CUST0111,Customer 123,Uttar Pradesh,Prayagraj,Technology,Accessories,Accessories Model 4,500,3,0.1,1350.0,244.81
ORD00912,2024-01-11,CUST0008,Customer 32,West Bengal,Durgapur,Technology,Laptops,Laptops Model 1,85000,1,0.0,85000.0,14314.8
ORD00913,2025-07-10,CUST0105,Customer 281,Tamil Nadu,Coimbatore,Technology,Printers,Printers Model 4,16000,3,0.15,40800.0,4085.53
ORD00914,2024-03-22,CUST0135,Customer 207,Maharashtra,Nashik,Office Supplies,Binders,Binders Model 2,900,6,0.05,5130.0,964.12
ORD00915,2024-01-08,CUST0215,Customer 173,Uttar Pradesh,Kanpur,Furniture,Chairs,Chairs Model 4,10000,7,0.15,59500.0,4710.09
ORD00916,2025-01-17,CUST0155,Customer 175,Karnataka,Bengaluru,Furniture,Tables,Tables Model 3,5000,6,0.0,30000.0,4409.62
ORD00917,2025-12-30,CUST0278,Customer 29,Maharashtra,Pune,Technology,Printers,Printers Model 2,22000,4,0.0,88000.0,16413.82
ORD00918,2024-11-22,CUST0200,Customer 76,Uttar Pradesh,Agra,Technology,Printers,Printers Model 3,22000,5,0.0,110000.0,21122.05
ORD00919,2024-09-15,CUST0095,Customer 246,Uttar Pradesh,Agra,Technology,Printers,Printers Model 1,7000,6,0.05,39900.0,4837.56
ORD00920,2024-12-02,CUST0051,Customer 178,Uttar Pradesh,Kanpur,Office Supplies,Paper,Paper Model 1,800,6,0.25,3600.0,315.97
ORD00921,2024-11-20,CUST0179,Customer 62,Delhi,New Delhi,Office Supplies,Pens,Pens Model 1,350,5,0.25,1312.5,105.64
ORD00922,2025-06-16,CUST0149,Customer 25,West Bengal,Kolkata,Furniture,Tables,Tables Model 2,18000,1,0.1,16200.0,1862.84
ORD00923,2025-07-18,CUST0084,Customer 34,Karnataka,Bengaluru,Furniture,Bookcases,Bookcases Model 1,4000,1,0.05,3800.0,412.61
ORD00924,2025-07-03,CUST0052,Customer 143,Karnataka,Mysuru,Office Supplies,Binders,Binders Model 2,900,3,0.1,2430.0,350.0
ORD00925,2024-08-21,CUST0063,Customer 196,Maharashtra,Nashik,Technology,Printers,Printers Model 3,7000,5,0.1,31500.0,3953.4
ORD00926,2024-02-12,CUST0135,Customer 260,West Bengal,Kolkata,Office Supplies,Storage,Storage Model 3,800,5,0.15,3400.0,480.92
ORD00927,2024-08-29,CUST0149,Customer 198,Karnataka,Bengaluru,Technology,Printers,Printers Model 4,7000,6,0.05,39900.0,5448.43
ORD00928,2024-05-10,CUST0100,Customer 256,Rajasthan,Jodhpur,Office Supplies,Paper,Paper Model 4,800,2,0.05,1520.0,259.29
ORD00929,2024-09-15,CUST0102,Customer 260,Uttar Pradesh,Lucknow,Furniture,Bookcases,Bookcases Model 2,4000,1,0.1,3600.0,423.74
ORD00930,2025-01-08,CUST0065,Customer 282,Gujarat,Ahmedabad,Office Supplies,Pens,Pens Model 3,50,1,0.05,47.5,9.67
ORD00931,2025-11-26,CUST0148,Customer 105,Delhi,New Delhi,Office Supplies,Binders,Binders Model 2,900,4,0.1,3240.0,479.44
ORD00932,2025-08-06,CUST0140,Customer 27,Delhi,New Delhi,Office Supplies,Paper,Paper Model 2,350,3,0.05,997.5,197.3
ORD00933,2024-08-18,CUST0275,Customer 246,Gujarat,Surat,Technology,Laptops,Laptops Model 4,70000,4,0.1,252000.0,21897.87
ORD00934,2024-05-07,CUST0195,Customer 143,Rajasthan,Jodhpur,Office Supplies,Binders,Binders Model 4,150,6,0.2,720.0,92.06
ORD00935,2024-10-19,CUST0199,Customer 1,Karnataka,Mysuru,Office Supplies,Paper,Paper Model 4,200,4,0.05,760.0,101.64
ORD00936,2024-06-10,CUST0281,Customer 253,Rajasthan,Jaipur,Technology,Accessories,Accessories Model 2,3000,4,0.1,10800.0,1801.67
ORD00937,2024-07-28,CUST0046,Customer 28,Delhi,New Delhi,Office Supplies,Binders,Binders Model 4,300,5,0.1,1350.0,238.98
ORD00938,2025-08-08,CUST0019,Customer 156,Maharashtra,Nagpur,Furniture,Tables,Tables Model 3,12000,7,0.05,79800.0,7726.66
ORD00939,2024-01-28,CUST0260,Customer 22,Uttar Pradesh,Kanpur,Technology,Printers,Printers Model 1,7000,3,0.05,19950.0,2230.46
ORD00940,2024-06-04,CUST0074,Customer 90,Uttar Pradesh,Agra,Furniture,Chairs,Chairs Model 4,4500,1,0.05,4275.0,637.01
ORD00941,2025-04-25,CUST0214,Customer 108,Tamil Nadu,Coimbatore,Office Supplies,Storage,Storage Model 3,800,4,0.05,3040.0,680.55
ORD00942,2024-02-29,CUST0250,Customer 48,Gujarat,Vadodara,Office Supplies,Binders,Binders Model 2,550,5,0.2,2200.0,272.94
ORD00943,2024-10-12,CUST0204,Customer 172,Delhi,New Delhi,Office Supplies,Storage,Storage Model 3,800,4,0.15,2720.0,373.22
ORD00944,2025-08-25,CUST0200,Customer 74,West Bengal,Kolkata,Office Supplies,Storage,Storage Model 4,1500,4,0.1,5400.0,1030.14
ORD00945,2025-09-14,CUST0291,Customer 23,Maharashtra,Nashik,Office Supplies,Paper,Paper Model 3,350,4,0.1,1260.0,201.78
ORD00946,2024-11-20,CUST0067,Customer 249,Maharashtra,Nagpur,Technology,Accessories,Accessories Model 4,3000,1,0.0,3000.0,465.24
ORD00947,2025-09-05,CUST0120,Customer 191,Uttar Pradesh,Varanasi,Office Supplies,Storage,Storage Model 2,800,6,0.2,3840.0,306.32
ORD00948,2024-08-22,CUST0150,Customer 257,Maharashtra,Nashik,Office Supplies,Binders,Binders Model 1,300,4,0.05,1140.0,202.77
ORD00949,2025-05-17,CUST0006,Customer 144,Uttar Pradesh,Agra,Furniture,Chairs,Chairs Model 3,2500,7,0.05,16625.0,1159.66
ORD00950,2024-04-25,CUST0026,Customer 53,Tamil Nadu,Chennai,Technology,Mobiles,Mobiles Model 4,25000,2,0.2,40000.0,4139.33
ORD00951,2025-06-11,CUST0273,Customer 160,Rajasthan,Udaipur,Furniture,Bookcases,Bookcases Model 1,6500,3,0.05,18525.0,2120.21
ORD00952,2024-02-27,CUST0093,Customer 221,Uttar Pradesh,Prayagraj,Technology,Printers,Printers Model 2,22000,7,0.1,138600.0,14604.94
ORD00953,2024-02-03,CUST0208,Customer 199,West Bengal,Durgapur,Technology,Accessories,Accessories Model 2,1000,6,0.15,5100.0,379.7
ORD00954,2025-02-23,CUST0007,Customer 160,Delhi,New Delhi,Office Supplies,Binders,Binders Model 4,150,1,0.15,127.5,15.25
ORD00955,2024-02-14,CUST0198,Customer 216,Delhi,New Delhi,Technology,Printers,Printers Model 2,11000,7,0.2,61600.0,5867.33
ORD00956,2024-12-30,CUST0103,Customer 104,Maharashtra,Nashik,Technology,Printers,Printers Model 3,11000,6,0.15,56100.0,3602.16
ORD00957,2024-09-10,CUST0121,Customer 32,Tamil Nadu,Chennai,Furniture,Chairs,Chairs Model 2,10000,6,0.0,60000.0,9077.89
ORD00958,2025-04-06,CUST0046,Customer 119,Uttar Pradesh,Agra,Furniture,Chairs,Chairs Model 3,2500,1,0.25,1875.0,-40.28
ORD00959,2025-05-22,CUST0046,Customer 14,Delhi,New Delhi,Furniture,Tables,Tables Model 1,8000,7,0.05,53200.0,7133.69
ORD00960,2024-11-28,CUST0175,Customer 114,Karnataka,Mysuru,Furniture,Chairs,Chairs Model 1,7000,2,0.2,11200.0,601.45
ORD00961,2025-09-12,CUST0289,Customer 97,Uttar Pradesh,Kanpur,Furniture,Bookcases,Bookcases Model 3,9500,2,0.2,15200.0,763.58
ORD00962,2024-09-16,CUST0196,Customer 95,Maharashtra,Nashik,Furniture,Office Furniture,Office Furniture Model 2,13000,4,0.1,46800.0,3947.32
ORD00963,2025-10-14,CUST0126,Customer 251,Karnataka,Mysuru,Technology,Laptops,Laptops Model 3,45000,6,0.25,202500.0,-1587.55
ORD00964,2025-07-06,CUST0282,Customer 50,Uttar Pradesh,Varanasi,Furniture,Bookcases,Bookcases Model 2,6500,5,0.15,27625.0,2081.11
ORD00965,2024-08-28,CUST0013,Customer 147,West Bengal,Durgapur,Technology,Mobiles,Mobiles Model 2,35000,6,0.1,189000.0,29722.43
ORD00966,2024-03-27,CUST0142,Customer 134,Uttar Pradesh,Lucknow,Technology,Laptops,Laptops Model 1,85000,1,0.05,80750.0,12425.81
ORD00967,2024-09-10,CUST0180,Customer 40,Karnataka,Mysuru,Office Supplies,Storage,Storage Model 1,5000,7,0.05,33250.0,7270.33
ORD00968,2024-01-22,CUST0040,Customer 173,Uttar Pradesh,Lucknow,Technology,Accessories,Accessories Model 4,3000,1,0.2,2400.0,264.13
ORD00969,2024-09-19,CUST0166,Customer 293,Karnataka,Mysuru,Office Supplies,Paper,Paper Model 4,350,4,0.05,1330.0,217.32
ORD00970,2025-06-10,CUST0223,Customer 201,Karnataka,Mysuru,Furniture,Chairs,Chairs Model 4,4500,2,0.2,7200.0,223.57
ORD00971,2025-08-02,CUST0221,Customer 271,Rajasthan,Jaipur,Furniture,Chairs,Chairs Model 1,2500,1,0.15,2125.0,105.65
ORD00972,2024-03-17,CUST0135,Customer 173,Maharashtra,Pune,Technology,Laptops,Laptops Model 1,85000,4,0.15,289000.0,29023.72
ORD00973,2025-01-07,CUST0273,Customer 179,West Bengal,Kolkata,Office Supplies,Binders,Binders Model 3,550,4,0.15,1870.0,283.25
ORD00974,2024-06-16,CUST0180,Customer 58,Rajasthan,Udaipur,Furniture,Bookcases,Bookcases Model 4,4000,5,0.15,17000.0,1081.0
ORD00975,2025-06-15,CUST0069,Customer 215,Uttar Pradesh,Varanasi,Furniture,Chairs,Chairs Model 1,2500,7,0.15,14875.0,527.71
ORD00976,2025-03-29,CUST0187,Customer 6,West Bengal,Durgapur,Furniture,Chairs,Chairs Model 3,2500,1,0.05,2375.0,229.96
ORD00977,2025-12-31,CUST0057,Customer 226,West Bengal,Durgapur,Technology,Mobiles,Mobiles Model 3,25000,3,0.0,75000.0,11736.2
ORD00978,2025-02-13,CUST0246,Customer 19,Gujarat,Surat,Furniture,Office Furniture,Office Furniture Model 1,20000,2,0.05,38000.0,4730.13
ORD00979,2024-09-30,CUST0194,Customer 172,Karnataka,Mysuru,Furniture,Tables,Tables Model 4,8000,1,0.15,6800.0,423.19
ORD00980,2024-05-17,CUST0183,Customer 242,Rajasthan,Jodhpur,Furniture,Tables,Tables Model 4,18000,2,0.1,32400.0,2199.48
ORD00981,2024-02-22,CUST0192,Customer 80,Karnataka,Mysuru,Furniture,Chairs,Chairs Model 1,4500,6,0.15,22950.0,1932.59
ORD00982,2025-03-22,CUST0290,Customer 209,Gujarat,Vadodara,Office Supplies,Binders,Binders Model 1,900,7,0.1,5670.0,696.67
ORD00983,2024-12-18,CUST0141,Customer 96,West Bengal,Kolkata,Technology,Accessories,Accessories Model 4,3000,7,0.15,17850.0,1468.17
ORD00984,2024-01-05,CUST0243,Customer 21,West Bengal,Kolkata,Office Supplies,Binders,Binders Model 1,150,1,0.1,135.0,22.38
ORD00985,2024-05-29,CUST0162,Customer 120,Maharashtra,Nashik,Technology,Mobiles,Mobiles Model 2,35000,7,0.0,245000.0,49392.08
ORD00986,2024-12-30,CUST0065,Customer 69,Gujarat,Vadodara,Technology,Mobiles,Mobiles Model 3,18000,2,0.25,27000.0,1078.08
ORD00987,2024-03-02,CUST0300,Customer 136,Delhi,New Delhi,Technology,Mobiles,Mobiles Model 1,35000,7,0.05,232750.0,36187.51
ORD00988,2024-06-14,CUST0205,Customer 267,Gujarat,Vadodara,Office Supplies,Binders,Binders Model 2,150,7,0.2,840.0,83.15
ORD00989,2024-11-03,CUST0138,Customer 174,Delhi,New Delhi,Furniture,Office Furniture,Office Furniture Model 3,30000,1,0.05,28500.0,3592.09
ORD00990,2024-02-29,CUST0202,Customer 250,Gujarat,Vadodara,Office Supplies,Binders,Binders Model 4,150,3,0.15,382.5,68.6
ORD00991,2024-06-10,CUST0042,Customer 276,Gujarat,Surat,Furniture,Office Furniture,Office Furniture Model 2,20000,7,0.1,126000.0,10075.27
ORD00992,2024-05-03,CUST0293,Customer 162,Delhi,New Delhi,Technology,Accessories,Accessories Model 1,1000,7,0.15,5950.0,661.03
ORD00993,2024-11-23,CUST0065,Customer 135,Karnataka,Mysuru,Office Supplies,Binders,Binders Model 4,150,4,0.1,540.0,92.82
ORD00994,2025-02-24,CUST0218,Customer 136,Delhi,New Delhi,Technology,Mobiles,Mobiles Model 3,12000,5,0.15,51000.0,2725.74
ORD00995,2025-09-18,CUST0013,Customer 69,Uttar Pradesh,Kanpur,Furniture,Bookcases,Bookcases Model 1,6500,2,0.15,11050.0,1037.8
ORD00996,2024-10-10,CUST0126,Customer 134,Maharashtra,Mumbai,Office Supplies,Pens,Pens Model 4,350,7,0.25,1837.5,196.01
ORD00997,2025-01-03,CUST0110,Customer 67,Uttar Pradesh,Prayagraj,Furniture,Office Furniture,Office Furniture Model 3,13000,1,0.1,11700.0,1121.69
ORD00998,2024-12-20,CUST0288,Customer 112,Rajasthan,Udaipur,Furniture,Tables,Tables Model 1,8000,1,0.15,6800.0,640.92
ORD00999,2025-11-24,CUST0147,Customer 268,Maharashtra,Nagpur,Office Supplies,Storage,Storage Model 2,800,4,0.0,3200.0,773.83
ORD01000,2024-06-24,CUST0195,Customer 107,Gujarat,Vadodara,Office Supplies,Binders,Binders Model 3,550,4,0.25,1650.0,236.21
